,T,2,8,3,5,1,8.1,13,0,6,6.1,10,8.2,0.1,8.3,0.2,8.4
0,I,5,12,3,7,2,10,5,5,4,13,3,9,2,8,4,10
1,D,4,11,6,8,6,10,6,2,6,10,3,7,3,7,3,9
2,N,7,11,6,6,3,5,9,4,6,4,4,10,6,10,2,8
3,G,2,1,3,1,1,8,6,6,6,6,5,9,1,7,5,10
4,S,4,11,5,8,3,8,8,6,9,5,6,6,0,8,9,7
5,B,4,2,5,4,4,8,7,6,6,7,6,6,2,8,7,10
6,A,1,1,3,2,1,8,2,2,2,8,2,8,1,6,2,7
7,J,2,2,4,4,2,10,6,2,6,12,4,8,1,6,1,7
8,M,11,15,13,9,7,13,2,6,2,12,1,9,8,1,1,8
9,X,3,9,5,7,4,8,7,3,8,5,6,8,2,8,6,7
10,O,6,13,4,7,4,6,7,6,3,10,7,9,5,9,5,8
11,G,4,9,6,7,6,7,8,6,2,6,5,11,4,8,7,8
12,M,6,9,8,6,9,7,8,6,5,7,5,8,8,9,8,6
13,R,5,9,5,7,6,6,11,7,3,7,3,9,2,7,5,11
14,F,6,9,5,4,3,10,6,3,5,10,5,7,3,9,6,9
15,O,3,4,4,3,2,8,7,7,5,7,6,8,2,8,3,8
16,C,7,10,5,5,2,6,8,6,8,11,7,11,2,8,5,9
17,T,6,11,6,8,5,6,11,5,6,11,9,4,3,12,2,4
18,J,2,2,3,3,1,10,6,3,6,12,4,9,0,7,1,7
19,J,1,3,2,2,1,8,8,2,5,14,5,8,0,7,0,7
20,H,4,5,5,4,4,7,7,6,6,7,6,8,3,8,3,8
21,S,3,2,3,3,2,8,8,7,5,7,5,7,2,8,9,8
22,O,6,11,7,8,5,7,6,9,6,7,5,9,4,8,5,5
23,J,3,6,4,4,2,6,6,4,4,14,8,12,1,6,1,6
24,C,6,11,7,8,3,7,8,7,11,4,7,14,1,7,4,8
25,M,7,11,11,8,9,3,8,4,5,10,11,10,10,9,5,7
26,W,12,14,12,8,5,9,10,4,3,5,10,7,10,12,2,6
27,H,6,9,8,7,6,8,6,6,7,7,7,9,6,8,4,8
28,G,3,6,4,4,2,6,6,5,5,6,6,9,2,8,4,8
29,L,2,3,3,4,1,0,1,5,6,0,0,6,0,8,0,8
30,L,1,3,3,1,1,6,4,1,7,8,3,10,0,7,2,9
31,X,8,12,8,6,4,3,10,4,7,12,11,9,3,7,3,4
32,B,5,9,7,7,10,9,8,4,4,6,8,6,6,11,8,7
33,M,6,9,9,7,6,5,6,3,5,10,9,9,8,5,2,7
34,G,4,7,6,5,3,6,6,6,8,6,5,9,3,10,4,8
35,O,4,7,5,5,3,7,7,8,6,7,6,8,3,8,3,8
36,P,3,6,4,4,2,4,14,8,1,11,6,3,0,10,4,8
37,G,4,9,5,6,6,8,5,4,3,7,5,11,6,8,5,11
38,E,3,4,3,6,2,3,8,6,10,7,6,15,0,8,7,8
39,X,5,11,8,8,4,8,8,1,8,10,5,7,3,8,4,8
40,E,3,7,4,5,4,7,7,5,8,8,8,9,3,9,6,9
41,X,4,6,7,4,3,9,7,2,8,11,3,7,3,8,4,9
42,G,4,5,5,8,3,7,6,8,8,6,6,10,1,8,6,11
43,V,7,9,6,5,2,8,10,4,5,8,10,5,4,12,3,8
44,X,4,10,5,7,5,8,7,3,8,5,6,6,3,8,6,8
45,W,5,9,6,7,8,7,9,5,3,7,9,8,6,8,3,8
46,G,1,3,2,1,1,7,7,5,6,7,5,10,1,9,3,9
47,R,8,10,8,6,6,7,7,3,5,8,4,8,6,6,7,7
48,S,3,9,4,7,2,7,5,6,10,5,6,10,0,9,9,8
49,Y,7,11,9,8,8,9,5,6,4,7,8,8,3,9,8,3
50,L,3,6,3,4,1,1,0,6,6,0,1,5,0,8,0,8
51,Y,2,4,4,3,2,6,10,1,7,8,11,8,1,11,2,7
52,J,4,5,6,6,5,8,10,4,4,7,7,9,3,7,7,5
53,S,4,9,5,6,4,7,8,7,7,8,4,7,2,7,9,8
54,Q,6,9,7,11,7,8,5,7,5,9,6,9,3,8,6,8
55,Q,3,5,5,4,4,9,3,4,3,8,4,9,3,6,4,8
56,D,2,6,3,4,2,6,7,10,8,6,6,6,3,8,3,8
57,C,6,10,4,5,2,6,9,6,6,11,7,7,2,9,5,9
58,L,5,10,6,8,5,9,3,2,6,9,2,9,2,5,3,9
59,N,3,3,3,5,2,7,7,13,2,5,6,8,5,8,0,8
60,C,2,3,3,1,1,5,9,4,6,11,9,11,1,9,2,8
61,E,6,9,4,4,2,7,7,4,7,10,6,10,1,9,7,9
62,X,4,9,5,6,5,7,6,3,5,6,6,9,2,8,8,8
63,H,3,3,4,1,2,8,7,5,6,7,6,8,5,8,3,7
64,L,2,3,2,4,1,0,1,5,6,0,0,6,0,8,0,8
65,H,3,5,5,4,3,7,8,3,6,10,6,8,3,8,3,8
66,E,2,3,3,2,2,7,7,5,7,7,6,8,2,8,5,10
67,Y,5,10,6,7,6,9,6,6,4,7,8,7,6,9,8,3
68,H,8,12,8,6,4,9,8,4,5,8,4,5,6,9,5,9
69,Q,5,10,5,5,4,9,6,5,6,10,6,7,4,8,9,9
70,Q,3,8,5,7,3,8,7,9,6,6,6,9,3,8,5,9
71,Q,4,6,6,4,5,8,5,6,4,6,7,10,4,7,5,9
72,J,2,8,3,6,1,13,3,8,4,13,3,11,1,6,0,8
73,J,4,7,5,5,2,8,9,1,7,14,5,6,0,8,1,8
74,D,4,5,5,4,3,7,7,7,7,7,6,5,2,8,3,7
75,R,2,6,4,4,3,6,7,5,5,6,5,7,3,7,5,8
76,M,4,5,7,4,4,6,6,3,4,9,9,10,7,5,2,8
77,A,3,7,5,5,3,12,2,3,2,10,2,9,2,6,3,8
78,N,3,5,4,4,2,7,8,5,4,7,7,7,6,9,2,5
79,M,6,10,9,7,8,3,7,4,5,10,11,10,7,9,3,7
80,P,8,14,7,8,4,5,10,6,3,12,5,4,4,10,4,8
81,C,6,12,5,7,4,8,5,4,3,9,9,11,4,9,8,10
82,P,6,10,8,8,7,8,5,7,5,7,6,6,3,9,8,9
83,N,2,3,3,1,1,5,9,3,3,10,8,8,4,8,0,8
84,W,3,4,4,3,2,9,10,3,2,5,9,7,6,11,0,8
85,V,3,8,5,6,6,8,7,4,1,8,7,8,5,10,4,7
86,V,6,9,9,8,10,8,7,5,5,7,6,8,8,9,9,3
87,M,6,7,9,5,7,4,7,3,5,10,10,11,8,6,3,7
88,E,4,8,5,6,4,7,7,4,8,11,8,9,2,9,5,7
89,N,6,11,8,8,9,5,8,3,4,8,8,9,7,9,5,4
90,Y,8,10,8,7,4,3,10,3,7,11,12,6,1,11,3,5
91,W,4,8,5,6,3,6,8,4,1,7,8,8,8,9,0,8
92,O,6,7,8,6,6,6,6,5,6,8,5,8,3,6,5,6
93,N,4,4,4,6,2,7,7,14,2,5,6,8,6,8,0,8
94,H,4,8,5,6,5,7,10,8,5,8,5,6,3,6,7,11
95,O,4,7,5,5,3,8,7,8,5,10,6,8,3,8,3,8
96,N,4,8,5,6,4,7,7,9,4,6,4,6,3,7,3,8
97,H,4,9,5,6,2,7,6,15,1,7,7,8,3,8,0,8
98,U,7,11,8,9,4,3,9,6,7,11,11,10,3,9,2,6
99,Y,2,7,3,5,1,6,10,0,3,7,11,8,1,11,0,8
100,S,6,8,7,6,4,6,9,4,8,11,7,6,2,8,5,5
101,S,5,9,6,7,5,7,7,7,5,7,6,7,2,8,9,8
102,T,2,3,2,2,1,7,11,2,6,7,10,8,1,11,1,7
103,C,2,3,3,2,1,4,7,4,6,10,9,13,1,9,2,7
104,V,4,10,7,7,2,9,8,5,3,5,14,8,3,9,0,8
105,T,5,8,5,6,3,6,12,4,7,12,9,4,2,12,2,4
106,K,7,12,6,6,3,7,8,2,7,9,7,8,5,8,3,7
107,D,3,8,4,6,4,7,8,7,6,7,7,5,3,8,3,7
108,W,2,1,3,1,1,7,8,4,0,7,8,8,6,10,0,8
109,I,2,9,3,7,2,8,7,0,7,13,6,9,0,8,1,8
110,E,3,8,3,6,2,3,7,6,10,7,6,14,0,8,7,8
111,F,6,9,8,7,4,6,12,6,6,13,7,3,2,9,2,5
112,I,3,9,4,7,3,7,7,0,7,13,6,8,0,8,1,8
113,H,5,10,7,8,8,7,7,6,6,7,6,9,3,8,4,8
114,U,4,7,4,5,2,7,5,13,5,7,14,7,3,9,0,8
115,C,2,3,3,2,1,6,8,7,7,9,7,12,1,10,3,9
116,F,5,9,6,7,7,7,6,6,4,7,7,8,5,10,9,12
117,A,3,8,5,6,3,9,2,2,3,8,2,8,2,6,3,7
118,Z,3,7,5,5,3,7,8,2,9,11,7,7,1,8,6,7
119,X,3,7,5,5,2,10,5,2,8,10,1,7,3,7,3,10
120,N,3,3,5,2,2,5,10,3,4,10,8,7,5,8,1,8
121,R,6,9,5,4,3,10,6,5,5,10,2,8,6,6,4,9
122,B,3,3,3,4,3,7,7,5,5,7,6,6,5,8,5,10
123,B,5,9,7,7,7,8,8,3,6,10,5,6,3,7,6,8
124,U,5,6,5,4,2,5,8,6,8,9,8,8,3,9,2,5
125,J,4,4,6,5,4,8,9,4,5,7,6,9,3,7,8,8
126,F,3,7,4,5,2,1,11,4,4,11,11,8,0,8,2,7
127,M,6,8,9,6,6,11,6,2,5,9,3,6,9,7,2,9
128,H,1,1,2,1,1,7,7,12,1,7,6,8,3,8,0,8
129,A,2,1,4,2,1,8,1,2,2,7,2,8,2,5,2,7
130,O,5,10,4,5,3,6,6,6,2,9,6,9,5,9,4,8
131,E,1,0,1,1,1,4,7,5,8,7,6,13,0,8,6,10
132,U,3,3,3,1,1,5,8,5,7,10,9,8,3,10,2,6
133,A,3,7,5,5,3,10,4,1,2,8,3,9,2,4,2,7
134,X,4,8,5,6,3,5,8,1,8,10,9,9,2,9,3,6
135,S,5,8,7,6,4,8,8,4,9,11,3,8,2,6,4,9
136,J,1,3,2,2,1,10,7,1,5,11,4,8,0,7,0,7
137,K,5,11,8,8,5,6,7,2,7,10,7,10,4,8,4,8
138,I,2,6,2,4,1,9,5,0,6,13,5,9,0,8,1,8
139,P,7,11,10,8,6,6,11,3,6,13,6,3,0,10,3,8
140,T,2,1,2,1,0,8,15,1,4,6,10,8,0,8,0,8
141,C,1,1,2,2,1,6,8,6,6,9,7,12,1,9,3,10
142,H,4,9,4,7,4,7,8,13,1,7,5,8,3,8,0,8
143,A,2,4,4,3,2,10,2,2,2,9,2,9,2,7,3,9
144,L,6,11,9,8,11,7,7,3,6,6,7,11,6,11,9,7
145,T,3,6,4,4,3,7,12,4,6,7,11,8,2,12,1,7
146,A,2,8,4,6,2,12,2,4,3,11,2,10,3,6,3,9
147,V,3,9,5,7,3,8,9,4,1,6,12,8,2,10,0,8
148,U,5,7,6,5,5,8,8,8,5,6,7,9,4,8,4,5
149,I,2,9,2,6,3,7,7,0,7,7,6,8,0,8,2,8
150,Z,8,14,8,8,5,8,5,2,9,12,6,9,3,7,6,7
151,V,4,7,6,5,6,8,8,4,2,8,7,8,7,11,5,8
152,M,5,9,7,6,7,9,7,5,5,6,7,6,10,7,4,6
153,L,4,8,6,6,4,6,5,2,8,7,2,8,1,6,3,7
154,O,3,3,5,5,2,9,6,9,7,7,5,10,3,8,4,8
155,B,4,2,5,4,4,7,7,5,6,7,6,6,2,8,7,10
156,A,8,15,7,8,4,8,2,3,2,8,5,12,5,4,5,5
157,K,6,9,9,6,7,9,6,1,7,10,3,8,3,7,3,9
158,H,3,7,4,5,4,7,7,5,6,7,6,8,3,8,3,8
159,T,7,9,7,7,5,6,10,1,8,11,9,5,2,9,3,4
160,W,6,5,7,4,4,4,11,2,2,9,9,8,7,11,1,7
161,F,3,8,3,5,1,1,12,4,5,12,11,8,0,8,2,6
162,A,3,3,5,4,1,7,6,3,0,7,0,8,2,7,1,8
163,E,3,8,3,6,3,3,6,5,9,5,4,13,0,8,6,9
164,M,4,9,5,7,4,7,7,12,1,7,9,8,8,6,0,8
165,B,4,9,5,7,6,7,8,9,6,7,6,6,2,8,8,10
166,M,3,7,5,5,6,7,8,6,4,6,6,8,5,8,7,9
167,Y,6,9,6,7,4,5,8,0,8,8,9,5,2,11,4,4
168,V,4,9,6,7,3,6,12,3,4,7,12,9,3,10,1,8
169,S,2,8,3,6,3,8,8,7,6,7,4,6,2,7,8,8
170,C,2,1,2,2,1,6,8,7,7,8,7,12,1,9,4,10
171,H,4,9,6,6,8,7,7,6,3,7,6,7,8,7,9,9
172,U,5,8,5,6,4,8,6,11,4,8,13,7,3,9,0,8
173,P,6,10,6,6,4,7,10,5,2,11,5,4,4,11,5,7
174,Z,3,8,4,6,2,7,7,4,13,10,6,8,0,8,8,8
175,E,3,4,5,2,2,7,7,2,8,11,7,9,2,8,4,8
176,N,5,9,7,6,4,4,10,3,4,9,10,9,5,8,1,8
177,P,6,10,5,6,3,5,9,6,3,10,5,6,5,9,4,7
178,H,4,5,5,4,4,7,7,6,6,7,6,7,3,8,3,6
179,T,6,11,6,8,5,6,11,3,7,11,9,5,2,12,2,4
180,B,5,5,5,8,4,7,9,10,8,7,5,7,2,8,9,10
181,U,5,10,6,7,2,7,4,14,6,7,15,8,3,9,0,8
182,S,3,4,4,6,2,8,8,6,9,5,5,5,0,8,9,7
183,F,5,6,5,8,2,1,14,5,3,12,9,5,0,8,3,6
184,J,3,9,4,7,4,9,6,1,6,11,4,7,0,6,1,6
185,R,3,6,4,4,4,6,7,5,5,7,6,7,3,7,4,9
186,E,3,2,3,4,3,7,8,5,7,7,5,9,2,8,5,10
187,P,6,9,6,4,4,8,9,5,3,10,5,5,5,10,5,6
188,I,2,2,1,4,1,7,7,1,7,7,6,8,0,8,3,8
189,K,7,10,9,8,9,7,7,5,5,7,6,7,7,6,9,13
190,D,4,10,6,7,4,8,6,8,7,4,5,3,3,8,4,8
191,B,4,7,6,5,7,9,6,4,4,6,6,7,7,8,6,7
192,H,5,10,7,8,6,7,9,8,5,8,5,6,3,7,7,10
193,M,7,10,10,7,7,9,6,2,5,9,5,7,8,6,2,8
194,P,6,11,7,8,3,4,13,9,2,10,6,4,1,10,4,8
195,O,4,8,6,6,4,8,5,8,4,7,5,8,3,8,3,8
196,S,2,8,3,6,3,8,7,7,5,7,6,7,2,9,8,8
197,K,4,7,6,5,4,3,8,3,7,11,11,12,3,8,3,5
198,V,7,10,7,8,3,3,11,4,4,10,12,8,3,10,1,8
199,F,7,11,10,8,5,6,11,2,7,14,7,4,1,10,2,7
200,Y,3,4,5,6,1,6,10,3,2,9,13,8,1,11,0,8
201,D,4,6,6,4,3,11,6,3,8,11,3,6,3,8,3,9
202,Z,1,0,1,1,0,7,7,2,10,8,6,8,0,8,6,8
203,Q,3,5,3,6,3,7,8,6,3,8,8,9,3,8,5,7
204,S,8,14,8,8,4,9,4,4,4,13,5,8,3,10,3,8
205,B,5,7,7,5,6,8,6,5,6,9,6,7,3,9,6,10
206,K,8,13,9,7,5,6,7,3,6,10,8,10,6,10,4,7
207,V,3,10,5,7,2,5,8,5,3,9,14,8,3,10,0,8
208,B,4,7,4,5,3,6,7,9,7,7,6,7,2,8,9,10
209,Y,2,2,4,4,2,6,10,1,7,7,11,9,1,11,1,8
210,O,3,4,4,3,2,7,7,7,5,7,6,8,2,8,3,8
211,Z,6,10,8,7,5,8,6,3,10,12,4,9,1,7,6,9
212,L,2,3,3,2,1,6,4,1,8,7,2,10,0,7,2,8
213,J,1,3,2,2,1,10,6,2,6,12,4,9,0,7,1,7
214,Z,1,3,3,2,1,7,8,1,9,11,7,7,1,8,5,7
215,A,3,5,5,7,2,7,7,3,1,6,0,8,3,7,1,8
216,L,3,5,4,5,3,8,7,4,5,7,6,8,3,8,7,10
217,J,2,5,3,3,1,10,7,1,7,12,3,7,0,7,1,7
218,Q,5,6,6,8,5,8,7,6,3,7,7,12,3,8,6,8
219,N,1,3,2,1,1,7,8,5,3,7,7,7,4,8,1,6
220,Z,2,6,3,4,1,7,7,3,13,9,6,8,0,8,8,8
221,E,4,9,5,7,3,3,7,6,11,7,6,15,0,8,7,7
222,J,4,7,3,10,3,9,7,3,3,11,4,5,3,8,6,9
223,D,4,8,5,6,3,5,7,10,10,6,5,6,3,8,4,8
224,O,5,10,6,8,5,7,8,9,6,8,8,6,4,8,5,10
225,L,3,6,4,4,2,5,4,3,8,3,2,6,1,6,2,5
226,V,4,5,5,4,2,4,12,4,4,11,11,6,2,10,1,8
227,X,6,10,9,8,6,7,7,0,8,9,6,8,3,8,4,7
228,J,5,8,6,6,3,6,6,4,5,14,8,12,1,6,1,7
229,N,7,10,10,8,5,7,8,3,5,10,6,7,7,8,1,8
230,H,3,5,5,7,4,10,11,3,2,7,8,8,3,10,7,9
231,A,2,7,4,5,3,13,3,3,2,10,1,8,2,6,2,8
232,P,4,6,5,9,9,8,7,5,0,7,6,7,6,10,6,9
233,A,4,9,6,6,2,10,5,3,1,8,1,9,2,7,2,8
234,F,4,8,5,6,3,5,10,4,6,11,10,5,2,10,3,5
235,X,3,4,6,3,2,7,7,1,9,10,6,8,2,8,3,7
236,D,5,11,6,9,4,5,8,11,9,8,7,5,3,8,4,8
237,V,3,7,5,5,3,9,11,2,2,4,10,8,2,12,1,8
238,P,7,10,6,5,4,10,7,4,4,12,4,5,4,11,5,9
239,F,5,9,6,7,6,6,9,4,6,9,9,6,5,9,3,6
240,P,6,11,9,8,5,8,10,7,5,10,4,3,3,10,4,8
241,Y,4,10,6,8,2,9,11,0,4,6,11,8,0,10,0,8
242,W,3,3,4,4,2,5,8,4,1,7,9,8,7,10,0,8
243,P,6,9,8,7,5,6,11,7,3,11,5,3,2,10,4,8
244,J,5,6,7,7,6,7,8,4,5,7,7,8,4,6,8,6
245,E,4,2,4,4,3,8,7,6,10,6,5,9,2,8,6,8
246,S,4,8,5,6,3,7,5,6,9,5,6,10,0,9,9,8
247,E,3,7,3,5,2,3,8,6,11,7,5,14,0,8,7,8
248,B,5,9,7,7,6,7,9,5,6,10,6,6,3,8,7,8
249,I,1,9,1,7,1,7,7,0,9,7,6,8,0,8,3,8
250,S,6,8,7,6,4,9,6,4,6,10,3,8,2,8,5,10
251,S,3,8,4,6,3,8,6,8,6,7,8,9,2,10,9,8
252,C,3,7,4,5,2,5,8,6,7,6,8,13,1,8,4,10
253,M,8,10,11,8,9,9,6,2,5,9,4,7,11,9,3,8
254,P,9,10,7,5,3,6,11,6,2,11,5,5,4,10,4,8
255,R,2,4,4,3,3,7,8,4,4,9,5,8,2,6,3,10
256,U,3,8,5,6,6,8,7,4,4,6,7,8,7,9,5,6
257,U,6,6,6,4,3,4,8,5,8,11,11,9,3,9,2,6
258,D,3,8,4,6,2,5,7,10,8,7,7,5,3,8,4,8
259,U,2,1,3,1,1,7,5,11,5,7,14,8,3,10,0,8
260,J,2,5,3,4,2,10,7,2,6,11,3,7,1,6,2,7
261,Z,7,13,7,7,5,6,7,2,9,11,6,8,4,5,8,6
262,F,5,11,7,8,6,7,9,3,6,12,7,6,3,9,2,7
263,V,1,0,2,1,0,8,9,4,2,7,12,8,2,10,0,8
264,M,6,5,8,4,7,6,9,5,3,6,4,8,13,8,5,7
265,U,3,6,4,4,1,7,5,13,5,7,13,8,3,9,0,8
266,B,3,7,4,5,5,7,7,4,6,6,6,6,2,8,5,10
267,L,4,8,6,6,4,6,5,1,9,7,2,10,0,6,3,8
268,T,4,10,5,8,3,8,13,0,5,7,10,8,0,8,0,8
269,D,8,12,8,6,4,9,4,4,6,12,3,8,5,6,5,10
270,T,6,11,6,8,4,6,10,1,10,11,9,5,2,8,4,4
271,O,5,8,7,6,4,7,5,8,4,6,4,7,3,9,4,9
272,T,1,0,2,1,0,7,14,1,4,7,10,8,0,8,0,8
273,U,4,3,5,2,2,5,8,5,7,10,10,9,3,9,2,6
274,D,2,4,4,2,2,9,6,4,6,11,4,6,2,8,3,8
275,R,4,8,5,5,3,5,11,8,3,7,4,8,3,7,6,11
276,G,7,10,7,7,5,5,7,7,6,9,8,10,2,9,5,9
277,D,2,1,2,2,1,6,7,8,7,6,6,6,2,8,3,8
278,S,3,8,4,6,4,7,7,7,5,7,6,8,2,8,8,8
279,S,7,10,9,8,10,9,5,5,4,9,6,9,6,9,12,11
280,M,6,10,9,8,8,7,7,2,4,9,7,8,8,6,2,8
281,M,4,8,6,6,8,9,6,2,2,8,4,8,7,7,2,5
282,D,6,7,8,6,6,5,7,6,7,7,4,7,3,6,5,6
283,Z,4,9,6,7,4,8,6,2,9,12,5,9,3,6,8,8
284,W,4,9,7,7,5,9,8,4,1,6,9,8,7,11,0,8
285,C,2,1,3,2,1,6,8,6,7,7,8,12,1,9,4,10
286,K,3,6,4,4,4,6,7,3,7,6,6,9,3,8,6,10
287,J,6,9,9,7,5,8,5,7,7,8,6,7,2,6,4,6
288,A,6,9,8,8,8,8,7,3,5,7,8,8,6,8,4,5
289,D,5,12,5,6,4,8,7,3,6,10,5,7,5,8,7,6
290,C,4,8,6,6,4,8,8,8,6,7,6,8,4,7,4,8
291,V,3,4,4,3,1,4,12,3,3,10,11,7,2,11,1,8
292,S,4,7,4,5,2,9,10,6,9,5,6,6,0,7,8,9
293,F,4,9,6,6,4,9,8,1,6,13,5,5,1,10,2,9
294,A,5,10,7,8,5,8,3,3,1,7,1,8,5,9,5,8
295,B,3,2,4,3,3,8,7,5,6,7,6,6,2,8,6,9
296,N,2,3,3,2,2,7,9,5,4,7,6,7,5,9,2,7
297,U,6,10,5,6,3,6,6,4,4,6,7,8,5,5,2,8
298,S,4,10,5,8,5,7,7,5,8,5,6,8,0,8,9,8
299,Q,2,5,3,6,3,8,8,7,2,5,7,10,3,9,5,9
300,F,4,8,4,5,1,1,13,5,5,12,11,7,0,8,2,6
301,F,4,9,6,6,5,5,10,4,6,10,10,6,2,10,3,6
302,X,5,10,8,8,4,8,7,4,10,6,6,8,4,6,8,9
303,A,3,7,5,5,3,11,3,2,2,8,2,9,3,4,2,8
304,B,4,9,4,6,3,6,7,9,7,7,6,7,2,8,9,10
305,O,5,9,6,7,5,7,7,8,7,7,6,7,2,8,3,8
306,J,2,6,3,4,1,14,1,6,5,14,2,11,0,7,0,8
307,H,4,8,5,5,2,7,5,15,1,7,9,8,3,8,0,8
308,M,6,9,7,4,3,6,9,5,5,4,4,10,8,7,2,8
309,I,3,7,4,5,2,7,7,0,7,13,6,8,0,8,1,7
310,W,6,10,6,8,6,2,10,2,3,10,9,8,7,11,2,6
311,N,3,6,4,4,3,6,7,8,5,7,5,7,3,7,3,8
312,A,1,3,2,2,1,10,3,2,1,9,2,9,1,6,1,8
313,S,2,3,4,1,1,7,8,2,6,10,5,7,1,8,4,8
314,P,1,0,1,0,0,5,10,6,1,9,6,5,0,9,2,8
315,D,6,9,8,8,8,7,6,5,7,7,5,9,6,5,9,4
316,M,7,9,10,7,6,5,6,4,5,11,10,11,11,5,4,8
317,T,4,8,5,6,5,8,11,3,6,6,11,8,3,12,1,7
318,L,3,6,4,4,2,5,5,1,9,6,2,11,0,8,3,7
319,X,3,6,4,4,1,7,7,4,4,7,6,8,3,8,4,8
320,G,2,4,3,6,2,7,7,8,6,5,7,9,2,7,5,11
321,D,6,10,8,8,5,10,5,4,8,11,3,7,4,6,4,9
322,E,3,4,4,6,2,3,8,6,10,7,6,14,0,8,7,7
323,N,2,3,2,1,1,6,9,6,3,8,7,8,4,9,1,7
324,G,2,4,3,3,2,6,6,6,5,6,6,9,2,8,4,8
325,V,7,10,6,8,3,2,11,5,5,12,12,8,2,10,1,8
326,A,2,7,4,4,2,7,3,3,2,7,2,8,3,7,2,8
327,E,5,9,4,4,2,8,7,4,4,10,5,10,3,8,7,10
328,K,4,5,5,8,2,3,6,7,3,7,8,12,3,8,3,10
329,M,6,9,9,6,6,5,7,3,5,10,10,9,8,6,3,8
330,L,5,11,5,6,3,7,5,3,5,12,7,11,3,8,6,9
331,T,5,6,5,4,2,5,12,3,8,12,9,4,1,11,2,4
332,G,2,4,4,3,2,7,6,6,6,6,6,10,2,9,4,9
333,J,2,4,4,3,1,8,8,2,7,15,5,8,0,7,1,8
334,F,5,10,5,7,2,1,14,5,4,12,10,6,0,8,2,5
335,W,7,8,7,6,6,6,11,5,2,9,6,6,8,13,4,4
336,A,3,6,5,4,3,12,3,2,2,9,2,9,2,6,2,8
337,K,6,11,8,8,5,9,5,1,7,10,3,9,5,9,5,11
338,P,1,1,2,2,1,5,10,4,4,10,8,4,1,9,3,7
339,M,7,6,9,5,9,7,7,5,4,6,5,8,10,8,5,5
340,O,2,6,3,4,2,8,7,7,5,7,6,9,2,8,3,8
341,S,4,11,5,8,3,6,6,6,9,4,6,9,0,9,9,8
342,C,4,6,6,5,5,4,7,3,6,6,6,10,4,10,7,7
343,O,1,0,2,1,0,8,7,6,4,7,6,8,2,8,3,8
344,Z,2,1,3,2,1,7,7,5,9,6,6,9,1,8,7,8
345,X,4,9,6,7,6,9,7,3,6,7,4,5,6,6,9,8
346,W,4,4,5,3,3,6,11,5,2,8,7,6,6,11,2,6
347,B,4,9,4,6,5,6,6,8,6,6,6,7,2,8,7,9
348,C,6,11,6,8,4,4,8,5,6,12,10,11,2,10,3,7
349,F,2,4,3,3,2,5,10,3,5,10,9,5,1,10,3,6
350,I,1,4,0,6,0,7,7,4,4,7,6,8,0,8,0,8
351,B,1,3,2,2,1,8,7,3,5,10,5,7,2,8,3,9
352,P,3,4,5,2,2,8,9,3,5,13,4,3,1,10,3,8
353,K,11,14,10,8,4,6,8,3,7,9,8,10,6,8,4,6
354,U,4,5,5,4,2,5,8,5,8,10,8,8,3,9,3,5
355,N,3,8,4,6,2,7,7,14,2,5,6,8,5,8,0,8
356,Y,4,11,6,8,1,7,11,2,3,8,12,8,1,11,0,8
357,I,3,5,5,6,4,8,8,4,4,7,6,8,3,7,8,8
358,Q,8,15,7,8,4,8,5,4,9,11,4,10,3,6,9,9
359,Q,4,5,4,7,4,9,7,6,2,8,6,11,3,9,6,8
360,Z,1,0,1,0,0,8,7,2,9,8,6,8,0,8,5,8
361,F,4,5,5,6,5,7,9,5,4,8,6,7,4,9,8,7
362,M,8,10,11,8,8,9,6,2,5,9,6,7,8,6,2,8
363,D,4,7,5,5,2,5,7,10,9,7,6,5,3,8,4,8
364,N,2,3,3,1,1,8,9,3,4,10,4,6,4,9,1,7
365,W,5,10,8,8,5,3,10,3,3,9,10,9,8,11,1,8
366,U,4,9,4,6,4,7,5,13,5,7,10,8,3,9,0,8
367,G,6,11,8,9,6,6,6,7,5,5,6,12,5,7,5,6
368,G,7,11,9,8,11,8,5,4,3,6,5,10,8,7,9,13
369,O,5,10,4,5,3,7,7,5,4,7,4,7,5,8,5,8
370,U,2,6,3,4,1,8,6,13,5,7,13,8,3,9,0,8
371,K,6,10,8,8,8,6,7,5,3,7,5,8,5,7,10,8
372,W,4,8,6,6,3,4,8,5,1,7,9,8,8,10,0,8
373,K,5,7,7,5,5,5,7,2,6,10,8,11,3,8,3,8
374,E,5,11,4,6,2,9,6,4,6,10,5,9,1,10,7,9
375,V,3,6,5,4,1,9,8,4,2,5,14,8,3,10,0,8
376,R,8,12,8,7,6,9,6,3,5,9,4,8,6,8,6,8
377,Z,4,11,5,8,5,9,6,6,10,7,5,6,2,7,8,8
378,S,4,10,6,7,4,7,8,3,7,10,5,7,2,6,5,8
379,N,3,6,5,4,5,7,8,3,3,8,7,8,5,9,5,4
380,X,5,11,8,8,4,5,8,2,8,10,11,9,3,9,4,6
381,I,3,6,4,4,2,5,7,3,7,7,6,12,0,8,4,9
382,Q,1,2,2,3,1,8,7,4,1,7,8,10,2,9,3,9
383,N,10,15,9,8,4,7,9,4,5,3,5,10,6,10,2,7
384,C,5,7,5,5,3,6,7,6,8,12,8,12,2,10,4,7
385,Q,6,9,5,4,3,10,4,4,7,11,3,10,3,7,7,11
386,N,7,10,9,8,7,7,7,8,6,7,5,6,4,8,4,8
387,K,6,9,8,8,8,7,7,2,4,7,3,9,7,4,9,10
388,S,8,12,8,7,4,5,10,4,5,14,8,6,2,9,3,7
389,E,2,3,3,2,1,6,8,2,8,11,8,8,1,8,4,7
390,D,4,8,6,6,8,9,7,5,6,7,5,6,5,6,8,7
391,X,4,4,5,5,1,7,7,4,4,7,6,8,3,8,4,8
392,C,1,0,2,1,0,7,7,6,7,7,6,13,0,8,4,10
393,J,5,9,7,7,3,9,5,4,6,15,4,10,1,6,0,7
394,B,5,7,7,5,5,7,6,6,7,8,7,6,3,9,8,7
395,D,5,9,5,7,5,5,7,9,7,6,5,5,2,8,3,8
396,R,7,10,7,5,5,7,6,3,5,8,4,9,6,8,6,7
397,Z,2,1,2,1,1,7,7,3,11,8,6,8,0,8,6,8
398,T,2,3,4,4,1,8,14,1,6,6,11,8,0,8,0,8
399,K,5,9,5,7,2,4,7,9,2,7,6,12,3,8,3,11
400,G,5,11,7,8,5,7,6,7,8,7,4,12,2,9,6,8
401,B,11,15,10,8,9,9,8,3,6,10,4,6,8,3,9,7
402,X,8,11,11,9,7,6,8,1,8,10,8,9,3,8,4,6
403,D,6,9,8,7,6,10,6,3,7,11,4,7,4,7,4,9
404,V,2,5,4,4,1,6,11,3,4,8,11,8,2,10,1,8
405,I,2,11,0,8,1,7,7,5,3,7,6,8,0,8,0,8
406,Z,2,5,4,4,2,7,8,2,10,11,6,8,1,8,6,7
407,G,2,3,3,2,1,7,6,5,4,6,6,9,2,9,4,9
408,J,3,5,4,8,1,13,2,9,5,14,3,12,0,6,0,8
409,V,2,5,4,4,2,7,12,2,3,7,11,8,2,10,1,8
410,V,8,15,8,8,5,5,8,5,4,8,7,6,6,12,3,8
411,J,6,12,5,9,4,10,7,2,4,12,4,6,2,9,7,9
412,C,3,6,4,4,1,6,7,6,10,7,6,13,1,8,4,9
413,U,2,3,3,1,1,4,8,5,6,11,10,8,3,10,1,6
414,A,2,6,4,4,2,12,2,4,3,12,2,10,2,6,3,9
415,Y,3,10,5,7,1,10,10,3,2,5,13,8,2,11,0,8
416,T,3,7,5,5,3,7,11,1,8,7,11,8,1,10,1,8
417,M,5,8,7,6,6,8,7,2,4,9,5,7,7,6,2,8
418,V,5,8,5,6,3,4,11,2,3,8,10,7,3,12,1,7
419,S,4,8,5,6,3,6,8,4,6,10,9,8,2,9,5,4
420,M,5,6,6,8,4,7,7,12,2,7,9,8,9,6,0,8
421,Y,3,8,6,5,1,10,10,3,2,5,13,8,2,11,0,8
422,Z,9,9,6,12,6,6,9,4,2,12,7,7,3,8,13,6
423,M,3,8,4,6,3,8,6,12,1,5,9,8,7,6,0,8
424,M,3,7,4,5,4,7,5,10,0,7,8,8,6,5,0,8
425,J,3,8,3,6,2,13,3,5,4,13,2,10,0,7,0,8
426,K,7,13,7,7,4,8,7,2,6,10,7,9,6,11,4,8
427,B,3,3,4,4,3,7,7,6,5,7,6,6,2,8,6,10
428,K,4,10,6,8,7,7,7,5,4,7,5,7,4,6,9,14
429,Z,5,8,7,6,4,5,10,3,10,11,9,6,1,9,6,5
430,F,4,8,4,6,3,1,13,4,4,12,10,6,0,8,1,6
431,N,1,1,2,1,1,7,8,5,3,7,7,7,4,8,1,6
432,P,7,10,10,8,5,7,14,5,3,13,4,0,0,10,4,7
433,C,4,3,5,5,2,6,7,6,10,7,6,13,1,8,4,9
434,Z,4,8,6,6,3,9,5,3,10,11,4,9,1,7,6,9
435,S,2,3,4,2,1,8,7,2,6,10,6,8,1,9,5,8
436,W,4,6,7,4,4,9,11,2,3,5,9,8,7,11,1,8
437,P,2,3,4,2,2,7,9,4,4,11,4,4,1,9,3,8
438,L,4,8,4,6,1,0,0,6,6,0,1,4,0,8,0,8
439,U,3,4,4,6,2,8,5,14,5,7,13,8,3,9,0,8
440,J,3,10,4,7,1,13,2,9,4,14,4,12,1,6,0,8
441,J,2,4,3,6,1,12,2,9,4,13,6,13,1,6,0,8
442,Z,3,5,3,3,2,8,7,5,10,6,6,7,2,8,7,8
443,M,4,2,5,4,4,8,6,6,4,7,7,8,8,6,3,6
444,U,7,13,6,7,4,8,4,5,5,7,9,8,4,8,3,8
445,J,1,3,2,2,1,9,7,2,6,14,5,8,0,7,0,8
446,B,5,9,5,7,7,6,7,8,5,7,6,7,2,8,7,9
447,B,7,11,9,8,7,10,6,4,7,10,3,7,2,8,6,12
448,Q,8,14,8,8,4,9,4,4,7,11,4,10,3,7,8,11
449,N,3,4,5,3,2,7,9,2,5,10,6,6,5,9,1,7
450,D,3,7,4,5,3,9,7,5,7,10,4,5,3,8,3,8
451,B,1,0,1,0,0,7,7,6,4,7,6,7,1,8,5,9
452,E,4,6,6,4,4,7,8,2,7,11,7,9,3,8,4,9
453,E,3,3,5,2,2,6,8,3,8,11,8,9,2,9,4,7
454,N,6,11,8,8,5,7,9,2,5,9,6,7,5,9,1,8
455,T,2,4,4,6,1,7,14,0,6,8,11,8,0,8,0,8
456,Y,3,3,5,4,1,9,9,3,1,5,13,8,2,10,0,8
457,Q,7,9,7,10,8,8,8,6,2,7,7,11,4,10,8,6
458,U,9,15,8,8,5,5,5,4,4,7,8,10,7,5,3,9
459,H,3,3,4,4,2,7,10,14,2,7,3,8,3,8,0,8
460,J,2,10,3,8,1,14,3,7,5,14,1,10,0,7,0,8
461,D,1,4,3,3,2,10,6,3,5,10,3,6,2,8,2,9
462,G,2,4,2,2,1,6,7,5,5,9,7,10,2,8,4,9
463,V,5,9,7,8,9,7,7,5,4,7,6,8,7,9,7,8
464,U,2,2,3,3,2,7,9,5,7,7,9,9,3,9,1,8
465,U,7,11,9,8,7,5,9,5,7,6,9,10,3,9,1,8
466,Z,3,3,4,4,2,7,7,3,14,9,6,8,0,8,8,8
467,G,2,3,3,1,1,7,7,5,5,9,6,10,2,9,4,10
468,L,4,11,5,8,4,7,4,1,7,8,2,10,1,6,3,8
469,D,4,6,5,4,4,9,7,3,6,10,4,6,3,8,2,8
470,J,3,10,5,7,5,9,8,3,3,8,4,6,4,8,6,5
471,K,3,6,5,4,5,7,6,3,4,6,6,8,7,7,6,9
472,A,3,9,5,7,3,12,3,4,3,11,1,9,2,6,3,9
473,L,3,4,4,7,1,0,1,6,6,0,0,6,0,8,0,8
474,X,4,9,6,7,5,8,5,3,5,6,7,8,3,9,9,9
475,Q,5,9,5,5,3,11,5,3,6,9,4,7,3,9,6,11
476,F,3,8,3,6,2,2,12,4,3,12,10,6,0,8,2,7
477,W,2,3,4,2,2,7,10,2,2,6,9,8,5,11,0,7
478,K,6,9,9,6,6,5,7,1,7,10,8,10,3,8,4,7
479,P,4,9,4,6,4,4,12,7,1,10,6,4,1,10,3,8
480,V,6,9,5,5,2,8,11,4,5,7,10,5,4,10,2,6
481,L,7,15,6,8,3,10,2,3,5,13,4,12,2,8,5,10
482,A,3,8,5,5,1,6,6,3,1,6,0,8,2,6,1,7
483,B,3,3,3,4,3,6,7,9,6,7,6,7,2,8,8,10
484,S,6,9,5,5,2,8,4,4,5,9,2,8,3,6,5,8
485,I,6,11,4,6,2,10,6,5,5,12,3,6,3,8,5,10
486,B,1,0,1,0,1,7,8,6,4,7,6,7,1,8,6,9
487,F,4,8,6,6,5,4,10,1,2,10,8,7,5,10,2,4
488,I,3,4,4,5,3,7,8,4,5,7,8,7,2,9,8,9
489,M,5,8,7,6,7,7,6,5,5,7,7,10,11,6,2,8
490,K,2,1,3,2,2,5,7,4,7,7,6,11,3,8,4,9
491,C,2,3,2,2,1,6,8,6,7,8,7,12,1,9,3,10
492,H,4,7,6,5,4,9,8,3,7,10,4,7,3,8,3,9
493,S,3,2,4,4,3,8,7,7,5,7,6,7,2,8,9,8
494,B,4,5,5,7,4,7,7,10,7,7,6,8,2,8,9,9
495,O,2,3,2,1,1,8,7,6,4,9,6,8,2,8,3,8
496,M,9,11,12,8,8,4,6,4,5,10,11,11,11,6,4,8
497,I,1,9,0,6,0,7,7,4,4,7,6,8,0,8,0,8
498,W,7,9,10,8,11,6,6,6,5,5,5,8,11,11,9,12
499,U,4,6,4,4,1,8,5,12,5,7,15,8,3,9,0,8
500,Y,4,5,5,4,2,4,11,2,7,11,10,6,1,11,2,5
501,A,3,9,6,7,3,11,2,3,3,10,2,9,2,6,3,8
502,P,2,3,4,2,2,7,10,3,4,12,4,3,1,10,2,8
503,B,4,7,6,5,5,7,8,5,5,9,6,6,3,7,6,7
504,O,4,7,5,5,3,8,6,8,5,10,6,9,3,8,3,8
505,Y,5,7,5,5,2,3,10,3,7,11,12,7,2,11,3,5
506,I,4,5,6,5,4,8,9,4,5,7,6,9,3,8,8,7
507,R,3,9,4,6,3,5,10,9,3,7,4,8,3,7,6,11
508,N,6,8,9,6,5,10,8,3,6,10,2,4,5,9,1,7
509,B,3,7,3,5,4,6,7,7,5,7,6,7,2,8,7,10
510,Q,9,15,8,8,4,9,3,4,7,11,4,10,3,8,8,11
511,H,6,11,8,8,6,9,7,6,7,7,6,8,6,8,4,7
512,J,2,4,3,3,1,11,6,2,7,11,3,7,0,7,1,8
513,W,4,4,5,6,3,7,8,4,1,7,8,8,8,10,0,8
514,Y,5,11,6,8,2,3,11,3,8,13,11,5,0,10,2,4
515,F,4,9,5,7,3,4,11,3,7,11,10,6,1,10,3,5
516,A,4,9,6,6,2,7,4,3,2,7,1,8,3,7,3,8
517,X,1,0,2,0,0,7,7,4,4,7,6,8,2,8,3,8
518,Z,5,10,7,8,5,7,8,2,9,12,7,8,1,9,6,7
519,H,3,7,4,4,2,7,9,14,2,7,3,8,3,8,0,8
520,K,6,11,9,8,8,7,6,1,6,10,5,9,7,7,6,9
521,J,4,7,5,8,5,8,8,4,5,7,6,8,3,8,9,8
522,N,2,4,4,3,2,6,9,2,4,10,7,7,5,8,1,8
523,W,5,9,7,7,7,7,5,6,2,7,7,8,7,7,6,12
524,U,4,6,5,4,2,6,8,7,9,9,10,8,3,9,1,8
525,Y,2,6,4,4,1,9,10,3,2,5,13,8,2,11,0,8
526,Q,4,7,4,9,4,7,7,6,3,8,9,10,3,8,6,8
527,V,3,3,4,2,1,4,12,4,3,11,11,6,2,11,1,8
528,D,6,13,6,7,5,11,5,4,6,10,4,7,5,9,6,10
529,V,3,8,4,6,2,7,9,4,2,8,12,8,2,10,0,8
530,R,4,8,5,6,3,5,12,8,4,8,3,9,3,7,6,11
531,L,1,0,1,1,0,2,2,5,5,1,1,6,0,8,0,8
532,V,4,10,7,8,3,8,12,3,4,5,11,8,3,10,1,8
533,F,5,10,7,8,5,6,10,2,6,13,7,5,1,10,2,7
534,B,5,8,7,7,8,7,8,5,5,8,6,8,7,8,9,6
535,R,3,4,4,5,2,6,10,9,4,7,4,8,3,7,5,10
536,J,3,6,4,4,3,9,6,6,5,8,6,7,2,8,4,6
537,V,3,7,5,5,1,7,8,4,2,7,14,8,3,10,0,8
538,Y,9,9,8,13,5,9,10,2,4,5,11,5,4,10,7,8
539,M,8,9,11,7,8,10,6,2,5,9,4,7,8,7,2,8
540,X,3,2,4,3,2,7,7,3,9,6,6,8,2,8,6,8
541,S,3,9,4,7,2,7,7,6,8,5,6,7,0,8,9,7
542,K,2,3,4,2,2,8,7,1,6,10,5,8,3,8,2,8
543,T,3,7,5,5,3,6,11,1,7,8,11,9,1,11,1,8
544,H,3,4,6,3,3,7,8,3,6,10,6,8,3,8,3,7
545,L,4,9,4,7,2,0,2,4,6,1,0,8,0,8,0,8
546,J,3,8,4,6,2,10,6,2,8,12,3,7,0,6,2,6
547,D,2,1,2,1,1,5,7,8,7,6,6,6,2,8,3,8
548,B,2,1,3,2,2,8,7,5,5,7,6,6,2,8,5,9
549,N,6,9,9,7,5,10,8,3,6,10,2,4,5,9,1,7
550,R,6,10,9,8,11,6,7,4,4,6,6,9,8,9,9,7
551,M,13,15,13,8,7,3,8,6,6,4,2,13,9,11,2,8
552,Z,3,6,4,4,2,7,7,4,14,9,6,8,0,8,8,8
553,R,6,9,8,7,9,6,7,4,5,7,6,8,6,9,7,5
554,K,5,11,6,8,2,3,7,8,2,7,6,11,4,8,2,11
555,W,5,9,8,7,7,7,12,2,2,6,8,8,7,12,1,8
556,P,3,6,4,4,2,7,10,4,4,12,5,3,1,10,3,8
557,E,3,8,4,6,4,6,7,5,8,7,5,10,3,8,5,9
558,E,7,12,5,6,4,8,7,4,4,11,5,9,3,9,8,11
559,Y,3,3,4,4,1,10,13,3,3,3,11,9,0,10,0,8
560,J,3,10,4,7,3,11,5,2,6,11,2,7,0,7,1,7
561,L,3,7,4,5,2,4,5,2,10,3,1,8,0,7,2,5
562,I,2,5,1,3,1,7,7,1,7,7,6,8,0,8,3,8
563,I,1,4,2,3,1,7,7,0,7,13,6,8,0,8,1,8
564,M,6,10,7,6,4,13,2,4,3,12,1,9,5,5,1,9
565,V,2,5,4,3,2,7,12,2,2,7,11,9,2,10,1,8
566,P,7,10,9,8,6,7,10,4,4,12,5,3,1,10,3,8
567,H,5,10,7,8,7,7,7,6,7,7,6,8,6,8,4,8
568,R,9,13,7,8,5,8,6,5,5,9,5,9,6,6,7,11
569,X,4,9,6,7,5,8,7,3,5,6,7,6,4,11,10,8
570,P,2,5,3,7,6,8,7,4,1,7,6,7,5,8,4,8
571,V,4,10,5,7,3,7,9,4,2,7,13,8,2,10,0,8
572,N,3,6,3,4,3,8,7,11,1,6,6,8,5,9,0,6
573,O,3,1,4,3,2,8,7,7,5,7,6,8,2,8,3,8
574,G,6,11,7,8,5,5,7,6,6,9,8,10,2,8,5,9
575,T,4,5,5,4,2,5,12,3,7,11,10,4,1,11,1,5
576,R,8,12,7,6,6,6,7,3,5,7,5,9,6,9,6,6
577,W,4,3,5,5,3,8,8,4,1,6,8,8,8,9,0,8
578,U,6,9,6,5,3,7,5,5,5,7,8,8,5,7,2,8
579,L,6,12,6,6,4,8,3,3,4,12,8,12,3,10,5,11
580,S,7,12,7,6,3,10,4,5,4,13,5,8,2,9,2,7
581,Q,4,9,5,11,7,9,8,8,2,5,7,10,3,8,6,10
582,M,3,1,4,3,3,7,6,6,4,6,7,7,8,6,2,7
583,F,2,2,3,3,2,5,10,4,5,10,9,5,1,10,3,6
584,V,5,8,5,6,2,2,11,5,4,12,12,8,2,10,1,8
585,V,5,7,5,5,2,3,11,4,3,10,12,8,2,10,1,8
586,F,4,8,4,6,3,1,13,4,3,12,10,7,0,8,1,6
587,M,4,11,6,8,6,6,6,6,5,7,7,10,8,5,2,9
588,I,3,8,4,6,2,7,7,0,6,13,6,8,0,8,1,8
589,P,3,7,3,4,2,4,12,8,2,10,6,4,1,10,4,8
590,U,4,2,5,3,2,6,8,5,8,7,10,9,3,9,1,8
591,B,3,4,3,3,3,7,7,5,5,7,6,6,2,8,6,9
592,Q,4,10,6,9,6,8,7,8,5,6,4,8,3,8,4,7
593,H,5,8,5,6,4,7,8,13,1,7,5,8,3,8,0,8
594,X,3,8,4,5,1,7,7,4,4,7,6,8,3,8,4,8
595,M,4,7,6,5,6,9,7,5,5,6,7,5,8,6,2,6
596,J,3,7,4,5,1,7,7,3,7,15,6,10,0,7,1,7
597,V,6,12,5,7,3,7,10,6,4,9,9,5,5,12,3,8
598,B,2,3,2,2,2,7,7,5,5,6,6,5,2,8,6,8
599,T,5,8,5,6,3,4,13,4,6,12,10,4,1,11,1,5
600,U,8,10,9,8,5,4,7,6,8,10,10,9,3,9,2,5
601,D,4,7,6,5,4,7,8,5,6,10,6,4,3,8,4,8
602,Y,4,9,6,7,2,7,12,1,3,7,11,8,0,10,0,8
603,O,2,1,2,2,1,8,7,7,4,7,6,8,2,8,3,8
604,O,2,0,2,1,1,7,6,7,5,7,6,8,2,8,3,8
605,K,4,4,4,6,2,4,7,8,1,7,6,11,3,8,2,11
606,W,8,11,8,6,5,9,8,4,5,6,9,6,11,8,3,6
607,A,5,11,7,8,4,8,3,2,3,7,1,8,2,7,3,7
608,O,8,12,6,6,4,5,9,6,4,9,8,9,5,10,5,8
609,S,5,9,6,8,7,9,7,5,6,7,6,7,6,8,10,12
610,T,5,7,5,5,3,6,11,3,7,11,9,5,2,12,3,4
611,S,2,7,3,5,3,8,8,7,5,7,5,6,2,8,8,8
612,X,3,4,5,3,2,7,7,1,8,10,6,8,2,8,3,7
613,T,2,9,4,6,1,5,14,1,6,9,11,7,0,8,0,8
614,U,5,9,6,7,5,6,6,8,5,7,6,10,5,8,7,3
615,Y,5,6,5,4,3,5,9,1,7,9,10,6,2,11,3,5
616,V,3,3,4,2,1,4,12,3,3,10,11,7,2,11,1,7
617,D,2,4,4,3,2,9,7,4,6,10,4,6,2,8,3,8
618,H,5,10,8,8,7,7,8,7,7,7,5,9,3,8,3,8
619,B,4,8,6,6,8,9,7,4,4,6,7,7,7,10,7,6
620,S,5,11,6,8,3,7,8,4,8,11,7,7,2,8,5,6
621,O,2,2,3,3,2,8,7,7,4,7,6,8,2,8,3,8
622,O,6,11,7,9,3,7,8,9,8,7,7,6,3,8,4,8
623,J,2,6,2,4,1,12,2,9,3,13,5,13,1,6,0,8
624,P,3,4,4,6,6,8,9,4,0,8,7,7,5,9,5,7
625,O,3,7,5,5,5,8,6,5,1,7,6,8,7,8,3,8
626,I,3,7,4,5,2,7,7,0,7,13,6,8,0,8,1,7
627,Z,4,9,6,6,6,7,7,3,8,8,6,9,1,8,11,7
628,W,3,6,5,4,7,9,7,4,2,7,6,8,8,11,1,6
629,F,2,4,3,5,1,1,13,4,4,12,11,7,0,8,2,6
630,H,5,7,8,5,6,8,7,3,6,10,6,8,3,8,3,8
631,D,2,4,3,3,2,9,6,3,5,10,4,6,2,8,2,8
632,B,2,1,2,2,1,7,7,8,5,6,6,7,2,8,7,10
633,K,0,0,1,0,0,4,7,5,3,7,6,10,3,8,2,11
634,T,4,10,6,8,3,5,11,1,9,9,12,8,0,10,1,7
635,N,3,8,3,6,2,7,7,13,2,5,6,8,5,8,0,8
636,F,2,6,2,4,1,1,11,3,6,11,11,9,0,8,1,6
637,A,3,8,5,5,2,7,4,3,1,7,1,8,3,7,2,8
638,V,8,11,7,8,5,4,11,1,3,8,10,8,5,12,1,7
639,F,9,13,7,7,3,4,13,3,5,13,7,3,2,7,5,4
640,Y,2,1,3,1,0,7,10,3,1,7,13,8,1,11,0,8
641,R,4,7,6,5,4,9,8,3,6,10,3,6,3,6,4,10
642,Q,5,9,5,11,7,8,7,6,2,8,7,10,3,8,5,8
643,M,6,9,9,7,6,10,5,3,5,9,3,6,8,6,2,9
644,P,3,5,3,3,2,4,10,3,5,10,8,4,0,10,3,7
645,K,3,7,4,5,3,6,7,4,7,6,6,9,3,8,5,9
646,Y,6,6,8,9,8,10,12,6,4,6,7,6,5,10,7,4
647,D,4,6,6,6,5,6,7,4,7,6,4,7,3,7,5,6
648,R,4,3,5,5,3,6,9,10,5,7,5,8,2,8,5,10
649,B,4,7,6,5,5,10,7,3,6,10,4,6,2,8,4,10
650,T,4,8,6,6,4,6,7,7,7,8,9,8,3,10,5,9
651,W,6,10,8,8,4,7,7,4,2,7,8,8,9,9,0,8
652,K,5,9,7,7,8,7,9,5,5,8,5,7,7,6,8,12
653,G,10,15,9,8,5,8,4,5,4,9,4,5,4,7,5,8
654,P,3,7,3,5,2,4,12,8,2,10,6,4,1,10,3,8
655,C,1,0,1,1,0,6,7,6,8,7,6,14,0,8,4,10
656,S,5,11,7,8,4,10,6,4,8,11,3,8,2,8,5,11
657,J,5,9,6,7,4,7,4,5,4,14,8,14,1,6,1,6
658,P,5,11,8,8,6,7,11,7,3,10,5,3,3,11,4,8
659,X,3,2,4,4,2,7,7,3,9,6,6,8,2,8,6,8
660,L,8,13,8,8,5,9,3,3,3,11,6,11,4,8,7,9
661,B,4,5,4,8,4,6,8,10,7,7,5,7,2,8,9,10
662,E,3,5,6,4,3,8,7,2,8,11,5,8,2,8,5,10
663,H,3,4,4,6,2,7,9,15,2,7,4,8,3,8,0,8
664,T,3,4,4,3,2,6,11,3,7,11,9,4,2,11,3,4
665,P,2,1,2,1,1,5,11,8,2,9,6,4,1,9,3,8
666,S,2,3,4,2,2,6,8,2,6,10,8,8,1,8,5,6
667,N,1,0,2,1,1,7,7,11,1,5,6,8,4,8,0,8
668,P,5,4,5,6,3,4,12,9,3,10,6,4,1,10,4,8
669,D,3,5,5,4,3,9,7,5,7,9,4,5,3,8,3,8
670,T,2,7,3,4,1,6,14,0,6,8,11,8,0,8,0,8
671,B,2,4,4,2,2,9,7,3,5,11,5,7,2,7,4,9
672,Y,3,7,5,5,2,7,10,2,2,7,12,8,1,11,0,8
673,J,3,11,4,8,2,15,3,4,5,13,0,8,0,7,0,8
674,A,3,9,6,7,4,11,3,2,2,9,2,9,3,4,3,8
675,J,3,7,5,5,2,11,6,2,7,14,3,8,0,8,0,8
676,S,2,3,3,4,1,9,10,5,9,5,6,5,0,7,8,7
677,E,4,8,4,6,2,3,7,6,11,7,6,15,0,8,7,7
678,I,0,1,0,1,0,7,7,4,4,7,6,8,0,8,0,8
679,H,5,9,7,6,7,8,8,6,7,7,6,9,6,8,4,7
680,G,4,5,5,8,2,7,6,8,8,6,5,10,2,8,6,11
681,Z,2,2,3,3,2,7,8,5,9,6,6,9,1,9,7,8
682,Y,4,6,6,4,3,9,10,1,7,3,11,8,1,11,1,9
683,H,3,7,4,5,5,7,5,4,4,6,5,8,4,8,5,7
684,B,4,8,6,6,7,8,8,7,6,7,5,6,2,7,7,10
685,A,4,9,6,7,4,10,3,2,2,8,2,10,4,4,3,8
686,B,6,10,6,6,5,10,6,3,5,9,5,8,6,8,7,9
687,M,6,10,8,8,7,9,6,6,5,6,7,6,8,6,2,6
688,P,4,9,4,6,2,5,10,9,4,9,6,5,2,10,4,8
689,W,5,11,8,8,6,4,11,2,3,8,9,9,9,11,2,7
690,S,2,4,4,2,1,6,8,2,7,11,7,8,1,8,4,6
691,J,3,10,4,8,1,13,2,9,4,14,5,13,1,6,0,8
692,N,8,14,9,8,5,7,7,2,4,12,4,8,6,8,0,7
693,I,0,0,0,0,0,7,7,4,4,7,6,8,0,8,0,8
694,P,5,8,7,11,11,8,9,4,1,8,7,6,8,10,6,8
695,G,2,3,3,2,1,6,7,5,5,9,7,10,2,8,4,10
696,E,6,8,8,6,5,4,9,4,9,11,10,9,2,9,4,5
697,Q,6,8,7,10,6,8,7,7,4,8,7,10,3,8,6,8
698,R,3,8,4,6,2,5,11,8,4,7,4,9,3,7,6,11
699,K,2,3,2,2,2,5,7,4,7,6,6,10,3,8,4,10
700,Y,4,5,6,6,6,9,9,6,4,7,7,7,5,11,6,4
701,P,4,5,6,6,6,6,9,4,2,8,7,6,6,10,4,6
702,G,6,9,6,4,3,7,3,5,2,6,5,4,4,8,5,7
703,G,4,7,6,5,6,7,7,6,2,7,6,11,4,9,7,9
704,P,7,9,8,7,7,6,7,5,5,7,6,9,5,9,7,10
705,L,7,15,7,8,5,9,3,3,4,12,6,11,3,8,6,9
706,J,1,2,2,3,1,10,6,2,6,12,4,9,0,7,1,7
707,Y,3,10,5,8,2,8,10,1,3,6,12,8,1,11,0,8
708,D,6,11,8,8,8,8,8,6,6,9,5,4,6,9,5,10
709,M,6,10,9,8,8,8,7,2,4,9,7,8,8,6,2,8
710,G,2,1,2,2,1,8,6,6,6,6,5,10,1,7,5,10
711,U,4,9,5,6,4,6,9,8,5,3,7,12,4,8,5,6
712,I,0,6,0,4,0,7,7,4,4,7,6,8,0,8,0,8
713,I,4,11,5,8,3,8,6,0,7,13,6,9,1,7,3,8
714,B,6,11,6,8,5,6,6,9,7,6,6,7,2,8,10,10
715,Q,1,2,2,3,2,7,7,5,2,8,8,9,2,9,4,9
716,J,2,7,3,5,1,13,2,9,4,14,4,12,1,6,0,8
717,B,4,11,5,8,4,6,7,9,7,7,6,7,2,8,9,10
718,A,3,5,5,5,4,9,8,3,4,6,8,7,4,10,4,5
719,S,3,4,5,2,2,8,8,2,7,10,6,7,1,8,5,7
720,U,4,4,4,6,2,8,5,14,5,6,13,8,3,9,0,8
721,E,2,3,4,2,2,7,7,2,7,11,7,9,2,8,4,8
722,R,3,8,3,6,3,6,10,7,4,6,3,10,2,6,5,11
723,L,3,6,3,4,1,1,0,6,6,0,1,5,0,8,0,8
724,N,3,7,4,5,2,7,7,14,2,5,6,8,5,8,0,8
725,B,6,9,9,8,10,7,8,5,5,7,7,8,7,9,9,6
726,K,6,9,8,6,9,7,6,3,5,6,6,9,8,6,7,7
727,X,5,8,6,7,7,6,8,2,5,7,6,9,4,7,8,7
728,P,6,9,5,4,2,5,11,5,3,13,5,4,4,9,3,8
729,I,1,9,0,6,0,7,7,4,4,7,6,8,0,8,0,8
730,G,8,14,7,8,5,8,6,4,3,9,6,8,4,9,8,8
731,A,3,10,6,8,4,12,2,3,3,10,2,9,2,6,4,8
732,K,4,4,6,3,3,8,6,1,7,10,4,9,4,7,4,9
733,B,5,10,7,8,7,8,6,7,7,6,7,6,2,8,8,11
734,Y,3,8,5,6,3,5,9,1,6,8,12,10,1,11,2,8
735,N,2,4,4,3,2,5,10,3,3,10,8,8,5,8,1,7
736,Y,2,4,4,6,1,5,10,3,2,8,13,8,2,11,0,8
737,O,9,12,6,7,3,8,7,6,5,9,4,7,5,9,5,9
738,E,6,11,9,9,7,6,8,2,8,10,7,9,3,8,5,7
739,U,6,10,6,8,4,3,9,5,6,11,11,9,3,9,1,7
740,U,7,8,8,6,3,4,8,5,8,10,10,9,3,9,2,6
741,X,3,5,6,4,3,9,7,1,9,10,4,7,2,8,3,8
742,D,1,0,1,0,0,6,7,7,5,7,6,6,2,8,3,8
743,D,2,1,3,2,2,8,7,7,7,7,7,4,2,8,3,6
744,S,4,5,6,4,3,7,7,2,8,11,5,7,1,8,5,8
745,K,4,5,7,4,4,5,7,2,8,10,9,10,3,8,4,6
746,I,2,10,0,7,0,7,7,4,4,7,6,8,0,8,0,8
747,F,4,5,5,5,5,7,8,4,5,7,5,7,4,9,8,7
748,A,1,1,3,2,1,6,2,2,1,6,2,7,1,6,2,6
749,R,3,6,5,4,5,6,7,3,3,7,6,9,5,9,7,5
750,P,3,2,4,3,3,6,9,4,4,9,7,4,1,10,4,7
751,Y,2,7,4,5,2,8,10,1,6,5,11,8,1,11,1,8
752,V,4,9,6,7,3,9,11,2,4,4,11,8,2,10,1,8
753,M,5,11,6,8,4,7,7,12,2,7,9,8,9,6,0,8
754,K,4,9,6,6,5,6,6,3,7,6,6,9,3,8,5,10
755,F,4,8,7,6,7,10,6,1,5,9,6,6,5,10,4,6
756,X,7,10,7,6,4,9,6,2,7,11,4,7,4,9,4,9
757,H,4,9,6,6,7,7,7,6,6,7,6,9,3,8,3,8
758,L,4,9,5,7,1,0,0,6,6,0,1,5,0,8,0,8
759,H,6,9,8,6,7,11,6,3,6,10,3,7,3,7,3,10
760,J,5,11,7,8,8,10,7,4,4,8,4,5,4,7,6,5
761,R,2,3,3,2,2,6,7,5,5,7,6,7,2,7,4,9
762,G,1,1,2,1,1,7,7,5,5,6,6,10,2,9,3,9
763,F,5,9,8,6,7,4,10,1,4,10,7,6,7,10,3,4
764,D,6,9,6,4,3,12,2,4,5,12,2,9,4,7,2,10
765,K,9,13,9,7,4,4,9,3,7,10,9,11,5,7,3,6
766,L,3,9,5,6,3,5,4,2,8,6,1,10,0,6,3,7
767,P,5,4,5,6,3,5,9,10,5,8,5,5,2,10,4,8
768,A,2,3,3,2,1,8,2,2,1,6,2,8,2,7,2,7
769,I,6,10,8,7,5,7,6,2,8,7,6,8,0,9,4,8
770,X,3,7,5,5,2,9,7,1,8,10,4,7,3,8,3,8
771,M,3,6,5,4,5,12,5,3,2,9,4,8,5,6,2,6
772,R,4,2,4,3,3,7,8,5,5,6,5,6,3,7,4,8
773,Y,1,0,1,0,0,7,10,3,1,7,12,8,1,11,0,8
774,I,1,3,2,1,0,7,7,1,7,13,6,8,0,8,0,7
775,T,5,11,6,8,8,7,8,4,5,6,7,9,7,7,8,7
776,F,3,9,4,6,2,1,12,5,4,11,10,7,0,8,3,6
777,R,5,10,8,8,5,11,7,3,6,11,1,6,4,5,4,10
778,Z,9,11,6,15,6,5,11,3,3,12,8,6,3,9,11,5
779,K,4,8,6,6,3,7,7,1,7,10,6,9,3,8,4,8
780,R,6,9,6,5,4,9,8,4,6,9,2,6,5,5,5,7
781,E,4,8,5,6,3,3,9,6,12,7,5,14,0,8,7,7
782,Y,10,12,8,7,5,6,8,4,5,10,7,4,3,9,5,4
783,M,6,10,7,8,4,7,7,13,2,8,9,8,9,6,0,8
784,G,8,15,7,8,6,8,5,4,3,8,6,8,4,9,8,8
785,X,4,6,6,4,2,7,7,2,8,11,6,8,3,8,3,7
786,Z,3,10,4,7,3,7,8,3,11,9,6,8,0,8,7,8
787,T,3,8,4,5,1,8,15,1,6,6,11,9,0,8,0,8
788,A,3,3,5,4,1,9,3,3,2,8,2,9,3,6,2,8
789,A,2,4,4,5,1,8,6,3,1,7,0,8,2,6,1,8
790,P,3,5,5,4,3,8,9,3,4,12,4,4,2,8,3,8
791,H,4,8,4,5,2,7,8,15,1,7,5,8,3,8,0,8
792,T,5,10,7,8,7,7,6,7,7,6,8,9,4,9,8,6
793,M,7,10,9,8,8,9,6,2,5,9,5,7,9,8,2,8
794,K,4,9,6,7,7,6,6,3,4,6,5,9,8,6,8,8
795,T,1,1,2,1,0,7,14,1,4,7,11,8,0,8,0,8
796,J,2,7,3,5,2,8,7,2,5,11,5,8,3,8,2,6
797,I,2,8,3,6,2,9,6,0,7,13,5,9,0,8,1,8
798,J,1,5,2,3,1,10,6,2,6,11,3,8,0,7,1,7
799,C,4,8,5,6,2,5,9,8,8,13,9,6,2,10,2,6
800,Y,3,3,4,2,1,4,11,2,7,11,10,5,1,11,2,5
801,L,7,15,7,8,5,9,3,4,4,12,7,11,4,8,7,9
802,B,2,4,3,2,2,8,7,3,5,9,6,6,2,8,4,8
803,P,6,10,8,8,6,8,10,5,4,11,4,3,1,10,3,8
804,Q,4,10,5,9,6,8,7,8,5,6,3,8,3,9,4,8
805,D,3,6,4,4,5,9,7,5,4,7,5,7,4,7,6,5
806,E,5,11,4,6,3,9,6,3,5,11,4,8,3,9,7,11
807,D,5,7,6,6,5,6,7,6,7,7,5,7,4,7,5,5
808,P,6,11,8,8,8,7,5,6,5,7,6,9,6,9,8,9
809,O,4,7,6,5,4,7,7,8,4,7,6,8,3,8,3,8
810,H,4,7,6,5,5,8,6,6,7,7,7,6,3,9,3,7
811,N,7,11,10,8,6,12,7,3,5,10,0,3,7,11,2,9
812,A,3,6,5,4,2,9,2,2,2,7,1,8,2,7,3,7
813,T,4,8,6,6,5,7,7,7,7,5,9,10,4,8,7,6
814,C,1,1,2,1,1,6,8,6,6,8,7,12,1,9,3,10
815,L,1,3,2,2,1,7,4,2,7,7,2,9,0,7,2,8
816,P,2,7,4,5,2,6,11,5,4,10,8,3,1,10,4,6
817,P,4,9,5,7,4,5,10,4,5,10,9,4,4,10,4,7
818,J,3,5,4,7,1,12,2,9,4,14,5,13,1,6,0,8
819,D,3,1,4,2,2,7,7,6,7,6,5,5,2,8,3,7
820,I,0,3,0,1,0,7,7,1,7,7,6,8,0,8,2,8
821,H,2,3,4,2,2,8,7,3,5,10,6,8,3,8,2,8
822,T,9,11,9,8,7,7,10,2,9,11,9,5,4,11,5,5
823,Y,7,9,7,7,4,3,10,2,7,11,11,7,1,11,2,5
824,C,3,6,4,4,2,6,7,5,6,11,8,12,1,9,3,9
825,S,4,5,6,4,6,8,8,4,5,7,7,8,4,9,9,10
826,L,5,11,5,8,2,0,0,6,6,0,1,5,0,8,0,8
827,N,3,2,4,4,3,7,9,5,5,7,6,6,5,9,2,6
828,G,5,7,6,5,4,5,7,6,5,9,7,10,2,9,4,10
829,Q,7,9,8,11,9,8,7,6,2,7,7,12,6,9,9,6
830,I,1,8,0,5,0,7,7,4,4,7,6,8,0,8,0,8
831,V,4,8,6,6,3,7,11,2,3,5,11,9,2,10,1,8
832,R,4,9,5,7,4,9,8,4,6,9,3,7,3,7,4,11
833,N,1,3,3,1,1,9,8,3,4,10,3,5,4,8,1,8
834,C,6,14,5,8,4,7,8,4,3,9,8,10,4,9,9,11
835,T,4,7,5,5,4,7,8,7,7,7,8,9,3,10,5,8
836,R,4,9,5,7,5,9,7,3,5,9,3,8,3,6,3,11
837,Z,3,8,4,6,2,7,7,4,14,9,6,8,0,8,8,8
838,B,2,2,3,3,2,7,7,5,5,6,6,6,2,8,5,9
839,T,2,2,3,3,2,7,11,2,7,7,11,8,1,11,1,8
840,R,1,0,1,0,0,6,8,6,3,7,5,7,2,7,4,11
841,J,2,3,4,2,1,9,6,3,5,14,6,10,0,7,0,8
842,M,5,10,5,8,4,7,7,12,2,7,9,8,8,6,0,8
843,X,9,13,9,7,5,4,9,3,8,12,10,9,4,9,4,5
844,S,5,10,6,8,4,9,6,5,8,11,2,8,2,7,5,11
845,S,3,6,4,4,2,8,7,5,8,5,6,8,0,8,9,8
846,G,2,1,2,1,1,8,6,6,6,6,5,9,1,7,5,10
847,B,9,14,7,8,4,9,6,6,6,11,4,9,6,7,7,10
848,M,2,0,2,1,1,7,6,10,0,7,8,8,6,6,0,8
849,S,3,6,4,4,2,6,5,5,9,5,6,10,0,9,9,8
850,M,3,7,4,5,3,7,6,11,1,8,9,8,7,6,0,8
851,L,2,6,4,4,1,5,4,1,9,7,1,9,0,7,2,7
852,G,3,6,4,4,3,7,6,6,6,6,6,10,2,9,4,8
853,C,7,10,5,5,2,6,10,6,7,12,8,8,2,9,5,8
854,S,5,8,7,6,4,5,8,4,6,10,9,8,2,8,5,4
855,C,4,10,5,8,2,5,7,7,10,7,5,14,1,9,4,9
856,R,2,4,3,3,2,7,7,5,5,6,5,6,2,7,4,8
857,G,6,11,8,8,9,8,7,6,2,7,6,11,5,8,9,7
858,C,2,4,3,3,2,6,8,7,8,8,7,13,1,9,4,10
859,I,3,8,4,6,2,7,8,0,8,14,6,6,0,8,1,7
860,Y,8,11,8,8,4,2,11,3,6,12,12,7,1,11,2,5
861,C,3,6,4,4,4,8,6,5,2,7,7,10,6,9,4,7
862,Y,4,11,6,8,3,10,10,1,3,6,12,8,1,11,0,8
863,K,4,2,5,3,3,5,7,4,8,7,6,11,3,8,5,9
864,I,7,8,8,9,8,7,8,4,6,6,8,7,4,9,10,9
865,E,5,9,7,7,6,8,7,6,3,7,6,10,5,9,9,8
866,O,2,5,3,4,2,7,7,8,5,7,5,8,2,8,3,8
867,M,5,7,7,5,6,4,7,3,4,10,10,10,6,6,2,6
868,Q,4,8,5,9,5,8,7,7,2,8,7,12,3,9,6,8
869,Z,3,9,4,6,3,7,7,6,11,6,6,8,1,8,8,8
870,H,3,8,5,6,6,8,6,4,5,6,6,8,6,7,6,7
871,Z,8,8,6,12,5,8,5,5,4,11,6,8,3,9,11,7
872,H,4,9,6,7,7,7,7,5,6,7,6,8,3,8,3,8
873,O,5,9,6,7,4,7,8,8,6,7,8,8,3,7,4,9
874,U,5,9,5,6,4,7,5,14,5,7,11,8,3,9,0,8
875,W,6,9,6,7,7,4,9,2,3,9,8,8,7,11,2,7
876,L,3,8,3,6,1,0,1,5,6,0,0,6,0,8,0,8
877,J,0,0,1,1,0,12,4,5,3,12,4,11,0,7,0,8
878,L,5,10,7,8,5,5,5,1,9,6,2,10,3,7,4,5
879,O,5,8,7,7,6,7,5,5,5,9,5,10,5,5,7,5
880,K,6,11,8,8,7,6,6,4,7,6,6,11,5,7,8,10
881,J,4,6,6,7,5,8,9,5,5,7,7,9,3,7,8,6
882,K,3,6,4,4,4,7,9,4,4,7,5,8,4,7,6,9
883,T,3,7,4,5,2,7,11,3,7,10,9,4,2,11,3,5
884,G,4,10,6,8,7,7,9,6,3,5,5,11,5,7,8,7
885,M,5,5,6,7,4,7,7,12,2,7,9,8,9,6,0,8
886,J,2,10,3,7,1,15,2,6,6,14,0,9,0,7,0,8
887,V,3,4,5,2,1,3,13,4,2,11,11,7,2,10,1,7
888,T,6,8,6,6,3,6,11,2,9,12,9,4,1,11,3,4
889,Y,2,1,4,2,1,6,10,2,7,8,11,8,1,11,2,7
890,C,3,3,4,5,1,5,7,6,9,6,6,12,1,8,4,8
891,A,3,4,5,6,2,8,5,3,1,7,1,8,2,7,2,8
892,R,8,12,6,6,4,10,6,6,5,11,2,8,7,6,5,10
893,M,5,9,8,7,7,12,6,2,4,9,2,6,8,6,2,8
894,U,9,10,9,8,3,4,9,6,9,13,12,9,3,9,1,7
895,Q,6,8,6,9,8,8,7,6,3,8,8,10,3,8,6,8
896,X,3,6,5,4,3,8,7,4,9,6,6,8,3,8,6,8
897,C,4,7,5,5,5,6,7,4,4,7,7,10,6,9,3,8
898,Y,4,10,6,7,1,6,10,3,2,8,13,8,1,11,0,8
899,L,3,6,4,4,2,4,4,4,9,2,1,7,0,7,1,6
900,M,4,8,7,6,9,9,5,2,2,8,4,8,10,6,2,6
901,S,1,0,1,0,0,8,7,3,5,5,6,7,0,8,6,8
902,I,2,7,2,5,2,7,7,0,7,7,6,8,0,8,3,8
903,J,6,7,4,11,3,6,9,3,4,13,5,5,3,8,6,9
904,E,10,15,7,8,5,7,7,4,5,10,6,8,3,9,8,9
905,M,5,9,8,7,10,7,6,4,2,7,4,8,13,6,3,7
906,L,3,4,3,6,1,0,1,5,6,0,0,7,0,8,0,8
907,T,3,8,5,6,3,7,12,4,6,8,11,7,2,12,1,7
908,X,5,11,6,8,2,7,7,5,4,7,6,8,3,8,4,8
909,X,5,11,6,8,2,7,7,5,4,7,6,8,3,8,4,8
910,V,8,11,8,8,3,2,11,6,5,13,12,8,3,10,1,8
911,D,2,4,4,2,2,9,6,4,6,10,4,6,2,8,2,9
912,X,8,15,8,9,4,8,8,2,8,9,7,8,4,12,4,7
913,S,3,2,4,4,3,8,7,7,5,7,7,8,2,9,9,8
914,B,1,3,2,1,1,8,7,2,5,10,5,7,1,8,3,9
915,E,1,3,3,2,2,6,8,2,7,11,7,9,2,8,4,9
916,S,5,11,6,8,3,9,10,6,10,5,6,5,0,7,9,8
917,K,5,8,8,6,5,3,8,2,6,10,11,11,3,7,3,5
918,P,4,8,6,12,10,8,9,5,0,8,6,7,5,11,6,6
919,Z,2,2,3,4,2,7,7,5,9,6,6,8,2,8,7,8
920,R,3,5,6,3,4,8,8,3,5,9,4,7,3,6,3,11
921,S,2,3,3,2,1,9,7,2,6,10,5,7,1,9,5,9
922,F,2,1,3,2,1,5,11,4,5,10,9,5,1,9,3,6
923,L,4,8,5,6,3,4,3,5,9,1,1,5,1,6,1,5
924,N,5,9,6,7,4,8,6,9,6,4,4,4,5,7,3,7
925,N,6,7,8,5,4,10,7,3,6,10,1,4,6,10,2,8
926,N,1,0,1,1,0,7,7,10,0,6,6,8,4,8,0,8
927,D,4,8,6,6,4,8,7,6,7,10,5,5,3,8,3,8
928,M,6,10,7,8,4,8,7,13,2,6,9,8,9,6,0,8
929,Y,5,10,7,8,6,8,6,7,5,5,8,8,3,8,10,6
930,R,9,13,7,8,5,7,7,5,5,9,5,9,7,5,7,11
931,D,6,9,8,8,8,6,8,5,7,5,3,6,5,9,8,5
932,E,3,6,3,4,2,3,8,6,10,7,6,15,0,8,7,7
933,R,2,0,2,1,1,7,11,8,2,7,5,8,2,7,4,10
934,M,4,7,6,5,5,6,6,2,4,9,8,9,7,5,2,7
935,I,6,10,8,8,5,9,5,2,6,6,7,6,0,10,4,7
936,F,4,9,5,6,3,2,11,5,6,11,10,9,0,8,2,6
937,P,5,10,7,8,7,6,9,3,7,9,8,5,4,10,4,7
938,S,6,10,7,8,4,6,8,4,8,11,8,7,2,8,5,5
939,X,3,5,4,4,4,5,8,2,4,8,7,9,2,7,7,8
940,T,2,7,3,4,1,7,14,0,6,7,11,8,0,8,0,8
941,R,5,10,5,8,7,6,8,8,4,7,5,7,3,8,6,12
942,O,2,3,2,1,1,8,7,6,4,9,6,8,2,8,3,8
943,A,4,9,6,7,3,11,2,4,3,10,2,9,3,7,3,8
944,P,5,8,8,6,3,7,11,3,7,14,5,2,0,9,3,8
945,X,5,8,6,7,6,7,7,2,5,7,6,8,3,10,8,7
946,M,3,1,4,2,1,8,7,11,1,7,9,8,7,6,0,8
947,U,3,5,5,4,4,8,6,4,4,6,6,8,4,10,1,7
948,B,2,6,3,4,3,6,7,7,5,7,6,7,2,8,6,9
949,Z,3,8,4,6,3,7,7,6,10,6,6,8,1,8,8,8
950,G,5,8,6,6,4,6,7,5,4,9,8,9,2,7,5,9
951,P,4,9,5,7,5,5,8,6,4,8,7,9,3,8,7,10
952,S,6,10,9,8,11,6,7,3,2,7,5,6,3,8,11,4
953,M,7,8,9,7,10,5,8,5,4,6,5,8,13,7,6,9
954,E,5,5,5,8,3,3,8,6,12,7,5,15,0,8,7,6
955,K,5,11,7,8,7,9,6,1,6,10,3,8,7,7,6,11
956,T,3,4,5,6,1,7,15,1,5,7,11,8,0,8,0,8
957,A,7,15,5,8,4,10,3,3,2,8,4,11,5,5,4,8
958,S,2,6,3,4,3,7,6,7,5,7,7,8,2,9,8,7
959,R,4,8,4,6,4,6,8,9,4,7,5,8,2,7,5,11
960,D,3,8,4,6,6,10,7,4,5,7,6,6,4,6,9,6
961,H,6,10,9,8,8,7,7,3,6,10,6,8,3,8,3,7
962,G,5,9,4,4,3,9,3,5,2,9,7,10,4,9,6,8
963,E,6,10,8,8,7,9,6,2,7,11,4,9,5,7,6,11
964,O,5,10,5,8,5,8,6,8,4,9,5,8,3,8,3,8
965,J,6,10,8,8,4,5,9,3,6,15,7,9,2,7,2,7
966,C,5,8,7,7,6,5,7,3,4,7,6,11,4,10,7,10
967,I,1,3,2,2,0,7,7,1,7,13,6,9,0,8,1,8
968,D,4,6,5,5,4,6,6,6,7,7,6,8,4,6,5,5
969,F,1,0,1,1,0,3,11,4,3,11,9,7,0,8,2,8
970,U,2,3,3,2,1,4,8,4,6,11,10,9,3,9,1,7
971,Q,2,3,2,3,2,8,8,5,2,8,7,10,2,9,3,8
972,Q,3,7,5,5,4,8,4,7,4,6,5,7,3,8,3,9
973,W,6,10,9,7,7,4,11,2,2,8,9,9,7,12,1,8
974,R,4,6,5,4,4,6,7,4,6,7,6,6,6,7,4,8
975,J,1,3,3,2,1,8,6,3,5,14,6,11,1,7,0,7
976,Z,6,10,8,8,5,7,8,3,10,12,8,7,2,8,7,6
977,C,4,9,5,8,6,5,7,3,4,7,6,11,4,10,7,10
978,Q,2,3,3,3,2,8,7,6,3,6,6,9,2,8,5,9
979,Q,2,2,2,2,1,7,8,4,2,8,7,9,2,9,3,9
980,T,2,7,4,4,1,8,15,1,5,6,11,8,0,8,0,8
981,E,3,5,3,4,3,7,7,5,7,7,6,9,2,8,5,10
982,E,3,5,3,3,3,7,7,5,7,7,6,9,2,8,5,10
983,P,4,7,5,5,2,6,14,5,3,12,5,1,0,10,3,7
984,F,2,3,4,2,1,6,11,2,5,13,6,4,1,10,1,8
985,C,4,4,5,6,2,6,6,7,11,8,5,12,1,9,4,9
986,S,1,3,3,2,1,7,9,3,7,10,7,6,1,8,4,6
987,S,3,6,4,4,3,7,6,7,5,7,7,9,2,9,8,7
988,N,3,2,4,4,3,7,8,5,5,7,7,6,5,10,2,5
989,T,6,8,6,6,3,7,11,3,8,11,9,4,2,12,3,4
990,A,1,3,2,2,1,9,3,2,1,8,2,9,1,6,1,7
991,X,3,2,4,3,2,8,7,3,9,6,6,8,2,8,6,8
992,W,5,7,7,5,3,4,8,5,1,7,9,8,8,10,0,8
993,V,3,6,5,4,5,8,5,5,2,7,7,7,4,9,4,6
994,F,3,6,4,4,2,6,11,2,6,14,6,4,1,10,2,8
995,D,2,2,3,3,3,7,7,6,6,7,6,5,2,8,3,7
996,Q,4,9,5,8,3,9,8,8,6,5,8,9,3,8,5,9
997,H,1,1,2,1,1,7,7,12,1,7,6,8,3,8,0,8
998,O,4,6,6,5,4,6,6,5,5,8,4,8,3,7,5,6
999,V,4,6,4,4,2,5,11,3,4,9,11,7,2,10,1,8
1000,T,3,8,5,6,1,7,15,1,5,7,11,8,0,8,0,8
1001,U,3,6,4,4,1,7,4,14,5,7,13,8,3,9,0,8
1002,Y,2,7,3,5,2,5,10,2,2,8,12,8,1,11,0,8
1003,G,1,0,2,0,1,8,7,5,5,6,6,9,1,7,5,10
1004,H,4,7,6,10,7,8,9,5,1,8,6,6,5,11,10,6
1005,U,2,1,2,1,1,8,5,11,4,6,13,8,3,10,0,8
1006,I,3,10,4,8,2,7,7,0,8,13,6,8,0,8,1,8
1007,L,4,10,5,8,3,0,2,4,6,1,0,8,0,8,0,8
1008,P,4,7,5,5,4,8,9,4,4,11,5,5,3,10,3,7
1009,L,4,10,6,7,8,7,7,3,5,6,7,10,6,10,7,4
1010,N,3,7,4,5,2,7,7,14,2,5,6,8,5,8,0,8
1011,W,7,10,7,8,8,5,10,3,3,9,7,7,8,11,3,6
1012,F,5,10,5,7,3,0,13,3,3,11,9,6,0,8,2,6
1013,A,6,14,6,8,4,12,2,3,2,12,4,11,4,4,4,11
1014,G,5,10,6,8,5,7,7,7,6,6,5,9,2,8,6,11
1015,Y,4,7,6,5,2,9,11,1,7,3,11,8,1,11,2,9
1016,L,5,10,7,7,3,6,4,1,10,8,2,11,0,7,3,7
1017,M,4,1,5,3,3,8,6,6,5,6,7,8,8,5,2,7
1018,O,2,4,3,2,1,8,7,7,5,7,6,8,2,8,3,8
1019,G,4,7,5,5,4,6,7,6,4,5,7,9,2,7,4,9
1020,Y,3,5,4,4,2,4,10,1,8,10,10,6,1,10,3,4
1021,M,3,3,5,2,3,9,6,3,4,9,5,7,6,5,1,8
1022,A,3,6,5,4,3,11,2,2,2,9,2,9,2,6,3,8
1023,P,4,8,4,5,2,3,14,8,1,11,7,3,1,10,4,8
1024,U,4,8,4,6,3,7,6,12,4,7,12,8,3,9,0,8
1025,F,2,3,4,2,1,6,10,3,5,13,6,5,1,9,2,7
1026,A,3,6,5,4,1,7,5,3,1,6,1,8,2,7,2,7
1027,P,1,3,2,1,1,5,10,3,4,10,8,5,0,9,3,7
1028,H,3,4,4,5,2,7,9,15,2,7,3,8,3,8,0,8
1029,A,4,10,7,7,5,7,5,2,3,5,2,6,3,7,4,4
1030,F,4,9,5,6,2,1,15,5,3,12,9,4,0,8,2,6
1031,G,2,1,2,1,1,8,6,6,6,6,5,9,1,7,5,10
1032,X,11,14,10,8,4,8,7,2,10,9,6,8,4,8,4,8
1033,S,9,15,8,9,4,11,2,2,5,10,2,9,3,7,4,12
1034,K,5,8,7,6,5,5,7,1,7,10,8,10,3,8,4,7
1035,D,4,4,5,6,3,5,6,10,9,5,5,5,3,8,4,8
1036,J,4,5,5,6,4,9,8,5,4,6,5,8,3,8,9,8
1037,T,7,9,7,7,5,6,12,5,6,11,9,4,3,13,3,4
1038,P,3,3,5,2,2,7,10,3,4,12,4,3,1,9,3,8
1039,K,4,8,6,6,5,5,8,1,6,9,7,9,3,8,3,8
1040,A,2,7,4,5,2,12,2,4,3,11,2,9,2,6,3,9
1041,A,3,4,6,6,2,9,3,3,3,8,2,9,3,6,3,9
1042,C,4,7,5,5,3,6,7,6,9,8,4,10,1,10,4,10
1043,M,2,3,4,2,2,6,6,3,3,9,8,9,5,5,1,8
1044,V,3,4,4,3,1,4,12,4,3,10,11,7,2,10,1,8
1045,M,5,8,7,6,8,7,7,7,5,7,5,8,7,9,8,6
1046,J,2,6,2,4,1,15,3,3,5,12,1,8,0,8,0,8
1047,O,3,7,4,5,2,7,8,8,7,7,7,8,3,8,4,8
1048,S,5,10,7,8,5,10,6,4,6,10,3,7,2,8,5,10
1049,N,3,5,4,7,3,7,7,14,2,5,6,8,6,8,0,8
1050,L,5,11,6,9,4,4,4,1,9,6,1,10,0,6,3,6
1051,V,2,5,4,4,2,6,12,2,3,8,11,8,2,10,1,8
1052,H,3,3,3,4,2,7,8,14,1,7,5,8,3,8,0,8
1053,Z,3,5,4,7,2,7,7,4,14,10,6,8,0,8,8,8
1054,J,2,7,3,5,1,13,2,8,4,13,4,12,1,6,0,8
1055,K,11,15,10,8,4,7,8,3,8,9,7,8,6,8,4,7
1056,X,6,8,9,6,4,6,8,2,9,10,9,8,3,8,4,7
1057,C,7,10,7,7,4,6,7,6,8,13,8,12,3,11,5,5
1058,D,3,6,3,4,3,5,7,8,6,7,7,6,2,8,3,8
1059,E,4,10,4,8,5,2,8,5,9,7,7,14,0,8,6,9
1060,M,5,9,8,7,6,5,7,3,4,10,9,9,8,6,3,8
1061,A,7,13,7,7,4,12,3,6,2,12,2,10,5,3,4,10
1062,M,6,9,8,6,8,7,7,6,5,6,7,9,8,6,2,8
1063,C,3,7,4,5,2,5,8,6,7,7,6,12,1,9,4,10
1064,J,3,10,4,8,1,12,2,10,4,14,4,13,1,6,0,8
1065,J,2,5,4,3,2,9,5,4,5,14,6,11,1,6,0,7
1066,L,4,10,4,8,1,0,1,6,6,0,0,6,0,8,0,8
1067,Q,3,4,4,5,4,8,8,7,2,5,7,9,3,8,5,9
1068,M,4,3,4,4,3,7,7,12,1,7,9,8,8,6,0,8
1069,Z,2,3,4,2,2,7,8,2,9,12,6,8,1,9,5,8
1070,Q,6,7,8,6,6,7,4,4,5,7,4,9,5,5,6,7
1071,N,5,6,6,6,6,7,7,4,3,7,5,7,6,9,5,5
1072,V,2,3,3,1,1,4,12,3,2,10,11,7,2,11,1,7
1073,B,3,6,4,4,3,8,6,6,7,6,6,6,2,8,7,10
1074,K,5,7,8,5,5,9,5,1,6,9,3,8,4,7,4,10
1075,Q,6,12,6,6,4,11,4,4,6,12,3,9,3,9,7,12
1076,A,3,7,5,5,3,11,2,2,2,9,2,9,3,6,3,9
1077,R,4,8,6,6,4,7,8,6,6,6,5,8,4,6,7,9
1078,I,1,1,1,2,1,7,7,1,7,7,6,8,0,8,2,8
1079,M,6,8,9,6,9,10,6,3,3,9,4,7,9,8,3,6
1080,H,6,11,6,8,3,7,6,15,0,7,7,8,3,8,0,8
1081,D,4,6,6,4,4,7,7,6,5,7,6,6,4,8,3,7
1082,D,2,4,4,3,2,8,7,5,6,9,5,5,2,8,3,7
1083,H,3,4,4,3,3,7,8,5,7,7,6,8,6,8,4,8
1084,R,3,3,4,5,2,5,11,8,4,7,3,9,3,7,6,11
1085,Z,4,7,5,5,3,7,8,2,9,11,7,8,1,8,6,7
1086,Q,4,7,5,6,3,7,6,8,6,6,7,7,3,8,5,9
1087,B,4,9,5,6,4,6,7,8,7,7,6,7,2,8,9,10
1088,G,2,4,3,3,2,6,7,5,5,9,7,10,2,8,4,9
1089,B,1,0,2,1,1,7,8,7,5,7,6,7,1,8,6,8
1090,C,4,5,5,7,2,5,7,7,10,7,6,13,1,8,4,8
1091,K,8,15,8,8,5,3,8,4,6,10,11,11,5,11,4,7
1092,C,8,13,5,8,2,8,6,7,7,12,5,9,2,10,5,9
1093,W,4,7,5,5,5,7,7,6,2,7,8,8,5,8,3,9
1094,Q,3,7,4,6,2,8,6,8,6,6,4,8,3,8,4,8
1095,U,6,10,6,5,3,7,6,5,4,6,7,7,5,6,3,6
1096,X,5,8,8,6,5,10,6,1,8,10,2,7,4,9,4,10
1097,D,4,2,5,3,3,7,7,6,7,6,6,5,5,8,3,7
1098,F,6,7,8,8,8,7,9,4,5,7,7,6,5,9,9,9
1099,Z,5,9,7,6,5,7,8,2,9,12,6,8,1,9,6,8
1100,K,7,9,10,7,7,2,9,2,7,10,11,11,5,7,4,4
1101,S,2,3,3,2,2,8,7,6,4,7,6,8,2,8,9,8
1102,O,6,11,7,9,5,8,7,9,6,7,5,10,4,8,5,5
1103,X,10,12,9,7,4,8,7,2,9,9,6,8,4,11,4,8
1104,N,3,7,4,5,3,7,7,12,1,6,6,8,5,8,0,8
1105,Q,3,4,4,5,3,7,8,5,2,8,9,10,2,9,5,9
1106,J,6,11,7,8,3,9,5,3,7,15,4,10,0,6,1,7
1107,J,3,9,4,6,2,9,5,3,6,14,4,9,0,7,1,7
1108,H,6,9,8,7,7,7,7,7,5,6,5,7,3,7,7,10
1109,O,4,6,5,4,2,7,7,8,8,7,6,8,3,8,4,8
1110,B,4,6,6,4,5,9,8,3,6,7,6,8,6,8,6,9
1111,P,1,0,2,0,0,5,10,7,2,9,6,5,1,9,3,8
1112,N,6,10,9,8,6,11,8,3,5,10,1,4,7,11,2,8
1113,E,2,4,2,3,2,7,7,5,7,7,6,8,2,8,5,10
1114,I,7,13,6,7,3,12,5,2,6,12,3,6,2,10,4,12
1115,L,1,3,3,2,1,6,4,1,7,7,2,10,0,7,2,8
1116,H,4,8,4,5,2,7,7,15,1,7,6,8,3,8,0,8
1117,H,3,5,5,3,3,8,6,3,5,10,6,9,3,7,3,8
1118,M,1,0,2,0,1,7,6,9,0,7,8,8,5,6,0,8
1119,H,6,11,6,6,3,8,8,3,4,9,6,7,6,9,5,9
1120,X,1,0,1,0,0,8,7,3,5,7,6,8,2,8,3,7
1121,U,9,10,7,5,3,5,3,5,5,3,7,7,5,8,2,7
1122,I,5,11,6,8,4,9,6,0,8,13,5,9,0,8,1,9
1123,X,6,10,9,7,5,7,7,0,8,10,6,8,3,8,3,8
1124,C,2,6,3,4,2,7,8,8,7,10,6,11,2,11,4,9
1125,B,2,3,2,2,2,7,7,5,5,7,6,6,2,8,5,9
1126,D,2,3,3,2,2,7,7,6,7,7,6,4,2,8,3,7
1127,V,3,2,6,4,2,7,12,2,3,6,11,9,4,12,2,7
1128,K,4,9,5,6,5,6,5,4,4,6,6,9,3,6,8,10
1129,K,4,8,6,6,7,7,7,3,4,6,6,8,7,7,7,7
1130,B,4,11,6,8,8,8,8,6,6,7,6,5,2,8,6,9
1131,Q,4,9,4,4,2,11,4,4,5,12,3,8,2,7,6,12
1132,T,6,9,6,7,3,5,11,2,10,12,9,4,0,10,3,4
1133,H,3,4,6,3,3,8,7,3,6,10,5,8,3,8,3,7
1134,L,5,11,7,8,5,5,3,6,8,2,2,4,1,6,1,5
1135,W,4,11,7,8,8,10,11,2,2,5,8,7,9,12,2,8
1136,R,5,9,7,7,6,7,8,5,7,7,5,6,3,7,5,8
1137,Y,2,7,4,5,2,5,9,1,6,9,12,9,1,11,2,7
1138,A,3,3,5,4,1,8,6,3,1,7,1,8,2,7,1,8
1139,U,8,10,9,8,6,3,9,5,8,10,10,10,3,9,2,6
1140,Z,3,8,4,6,4,7,8,5,9,7,6,9,1,9,7,7
1141,D,5,8,7,6,6,8,8,6,6,9,6,4,6,10,5,7
1142,J,6,11,8,9,3,8,7,3,7,15,5,10,1,6,1,7
1143,X,4,9,6,7,6,7,8,2,6,7,7,9,4,10,6,7
1144,S,4,5,6,4,5,8,7,5,5,7,6,8,5,8,9,11
1145,O,8,15,5,8,3,7,9,6,6,9,6,6,4,10,5,9
1146,V,3,5,6,4,2,6,13,3,3,8,11,8,3,10,1,8
1147,C,5,8,7,6,6,6,5,4,4,9,6,12,6,8,4,9
1148,H,3,5,5,7,4,8,12,3,2,8,8,7,3,10,7,6
1149,R,2,3,4,2,2,8,7,3,4,9,4,6,2,7,3,9
1150,M,6,8,9,7,10,6,8,5,3,6,5,8,13,9,5,8
1151,T,3,10,5,8,5,7,11,4,5,7,11,8,3,12,1,8
1152,Y,1,1,2,1,0,7,10,2,2,7,12,8,1,11,0,8
1153,Y,2,4,3,3,1,3,12,3,6,12,10,5,1,11,2,5
1154,J,2,6,3,4,1,13,2,8,4,14,4,12,0,7,0,8
1155,F,2,7,3,5,1,1,12,4,4,12,10,7,0,8,2,6
1156,J,5,9,6,7,3,9,5,4,6,15,5,11,1,6,0,7
1157,C,5,11,6,9,3,4,9,7,8,13,11,12,2,9,3,7
1158,G,1,0,2,0,1,8,6,5,5,6,5,9,1,8,5,10
1159,Q,6,7,8,6,6,7,4,5,6,7,4,8,5,4,6,7
1160,P,3,8,4,6,2,3,14,8,1,11,7,3,1,10,4,8
1161,Q,2,2,3,2,2,8,7,6,4,6,5,9,2,9,3,9
1162,D,4,9,6,7,9,8,8,5,4,7,6,5,6,8,8,5
1163,V,7,12,6,6,3,9,10,5,4,6,10,6,5,12,3,7
1164,G,5,9,4,4,3,7,6,3,3,8,6,8,4,9,8,6
1165,Y,2,1,2,1,0,7,10,2,2,7,12,8,1,11,0,8
1166,L,3,6,3,4,1,0,1,6,6,0,1,5,0,8,0,8
1167,N,5,11,5,9,6,7,7,13,1,6,6,8,5,9,0,7
1168,V,4,6,5,4,3,9,11,3,1,4,10,9,3,11,4,9
1169,C,2,1,2,2,0,6,7,6,9,7,6,15,0,8,4,10
1170,I,1,4,2,3,1,7,7,1,8,13,6,8,0,8,1,8
1171,Y,2,6,3,4,0,6,10,2,2,8,12,8,1,10,0,8
1172,O,4,7,5,5,3,7,7,8,5,8,7,10,3,8,3,7
1173,M,6,7,9,6,9,5,9,5,3,6,4,8,13,6,5,8
1174,E,4,10,5,8,3,3,7,6,11,7,6,15,0,8,7,6
1175,I,1,5,2,3,1,7,7,0,7,13,6,8,0,8,1,8
1176,C,5,7,5,5,3,3,8,5,7,11,10,13,2,9,3,7
1177,E,4,7,6,5,4,5,8,5,8,12,10,9,3,8,5,5
1178,I,7,12,5,6,2,10,5,6,4,13,3,8,3,8,5,10
1179,E,2,4,4,3,2,7,7,2,7,11,6,8,2,8,4,9
1180,X,1,0,1,0,0,8,7,3,4,7,6,8,2,8,4,8
1181,X,4,2,6,4,3,7,7,3,10,6,6,8,2,8,6,8
1182,G,3,5,4,4,2,6,7,5,5,9,7,10,2,8,4,9
1183,E,3,6,4,4,3,7,7,6,9,7,7,9,3,8,6,8
1184,J,3,7,4,5,2,9,4,5,4,14,6,12,0,6,1,7
1185,D,3,5,4,4,2,8,7,7,7,6,6,3,2,8,3,7
1186,S,4,10,5,7,3,6,8,5,8,11,8,7,2,9,5,5
1187,Z,4,9,6,6,4,8,7,2,9,11,5,9,1,8,6,8
1188,W,7,10,10,8,14,9,7,5,2,7,7,8,13,10,4,6
1189,M,4,3,4,5,3,7,7,12,1,7,9,8,8,6,0,8
1190,L,4,8,5,6,3,3,4,2,8,2,1,8,0,7,1,6
1191,R,3,9,3,6,4,5,9,8,3,7,5,8,2,7,5,11
1192,H,4,7,6,5,4,7,8,3,6,10,7,8,3,8,3,8
1193,D,3,7,3,5,3,6,7,9,7,6,5,6,2,8,3,7
1194,S,2,4,4,3,2,7,7,2,7,10,6,8,1,9,5,8
1195,Y,3,10,5,7,1,8,11,1,3,6,12,8,1,11,0,8
1196,N,3,3,4,4,2,7,7,14,2,5,6,8,6,8,0,8
1197,Y,4,4,5,6,7,8,8,3,2,7,8,9,4,11,7,7
1198,R,3,9,4,6,4,6,8,8,4,7,5,8,2,7,5,11
1199,D,2,4,4,3,2,8,7,4,6,10,5,6,2,8,3,8
1200,O,3,4,4,6,2,7,6,9,6,6,5,6,3,8,4,8
1201,G,3,7,4,5,2,7,6,8,7,6,6,8,2,8,6,11
1202,H,9,15,10,8,7,8,7,3,5,10,4,7,7,6,6,7
1203,Y,6,10,8,8,7,9,7,7,4,6,9,7,3,9,9,4
1204,M,7,10,9,8,8,8,6,6,5,6,8,8,9,6,2,7
1205,P,9,10,7,5,3,6,12,6,4,13,5,3,4,10,4,8
1206,H,3,4,5,6,4,9,12,3,2,8,8,7,3,10,6,7
1207,V,6,9,5,4,2,7,10,7,3,9,9,5,5,12,3,9
1208,B,5,10,7,7,6,8,8,6,8,7,6,6,6,8,6,10
1209,X,3,8,4,5,1,7,7,4,4,7,6,8,3,8,4,8
1210,O,3,3,4,2,2,7,8,7,5,7,7,8,2,8,3,8
1211,K,4,11,5,8,2,3,7,8,2,7,5,11,3,8,2,11
1212,G,1,0,2,1,1,8,6,6,5,6,5,9,1,8,5,10
1213,T,3,7,5,5,3,7,11,1,8,7,11,8,1,10,1,8
1214,K,2,4,3,2,2,5,7,4,6,7,6,11,3,8,4,9
1215,H,3,7,4,4,2,7,8,14,1,7,6,8,3,8,0,8
1216,G,3,7,5,5,5,7,9,6,3,6,6,10,3,7,7,8
1217,B,4,4,5,6,4,6,6,9,7,6,6,7,2,8,9,9
1218,V,4,9,6,7,2,7,8,4,3,7,14,8,3,9,0,8
1219,T,4,9,6,8,6,6,8,4,8,8,7,8,3,9,8,7
1220,N,5,5,6,7,3,7,7,15,2,4,6,8,6,8,0,8
1221,U,3,3,3,2,1,5,8,5,7,9,8,8,3,9,2,5
1222,Z,4,6,6,4,3,6,9,3,9,11,8,6,1,9,6,6
1223,K,1,0,1,0,0,5,8,7,0,7,6,10,3,8,2,11
1224,H,8,13,8,7,4,10,8,4,6,9,2,5,6,7,4,9
1225,I,1,3,1,2,1,7,7,1,7,7,6,8,0,8,2,8
1226,A,2,1,3,2,1,8,2,2,1,7,2,8,2,7,2,7
1227,H,4,8,6,6,8,7,6,5,3,6,6,8,7,7,9,9
1228,G,4,8,5,6,2,8,6,8,8,7,5,12,2,8,5,10
1229,O,8,13,6,8,3,7,7,5,5,8,4,7,5,9,5,8
1230,E,1,1,2,2,1,4,7,5,8,7,6,13,0,8,6,9
1231,X,4,8,7,6,4,4,8,2,8,10,12,10,3,8,4,5
1232,J,4,10,5,7,3,8,6,3,6,14,4,9,0,6,1,7
1233,O,2,4,3,3,2,7,7,6,4,9,7,7,2,8,3,8
1234,X,1,1,2,2,1,7,7,3,8,6,6,8,2,8,5,8
1235,V,4,4,6,7,1,8,8,4,3,7,14,8,3,9,0,8
1236,C,5,10,5,8,3,6,8,7,7,13,7,9,2,11,3,7
1237,M,5,5,6,4,4,8,6,6,5,6,7,7,10,6,4,6
1238,Q,4,6,5,8,5,7,9,5,3,8,9,9,4,10,6,7
1239,K,3,1,4,2,2,6,7,4,7,7,6,10,3,8,4,9
1240,W,2,0,2,1,1,7,8,3,0,7,8,8,6,9,0,8
1241,R,2,3,3,2,2,9,6,3,4,10,4,7,2,7,3,10
1242,G,3,9,5,6,3,6,7,7,6,5,7,9,2,7,4,9
1243,S,7,10,8,8,5,7,7,4,6,9,8,9,2,11,5,6
1244,O,4,6,6,4,3,7,6,8,5,8,5,11,4,8,4,7
1245,Y,3,10,5,7,3,7,10,2,6,6,12,9,2,11,2,8
1246,P,5,4,5,6,3,4,13,8,2,10,6,3,1,10,4,8
1247,T,3,4,3,3,1,5,12,3,6,11,9,5,1,11,1,5
1248,R,4,6,6,4,4,9,7,4,5,9,3,7,3,7,4,11
1249,H,6,10,6,6,4,5,8,3,4,10,9,9,6,10,5,8
1250,E,6,9,8,7,7,8,6,6,2,7,6,9,4,8,8,10
1251,B,3,7,5,5,3,9,7,4,6,10,5,6,2,8,6,9
1252,F,3,4,3,3,2,5,11,3,6,11,9,5,1,10,3,6
1253,N,5,10,5,7,3,7,7,15,2,4,6,8,6,8,0,8
1254,H,3,4,3,5,2,7,7,14,1,7,6,8,3,8,0,8
1255,H,5,9,8,7,5,6,8,3,6,10,8,9,3,8,3,7
1256,L,3,7,4,5,2,6,4,2,8,7,2,10,0,7,2,8
1257,Q,5,7,7,11,10,9,10,5,0,5,7,10,6,13,6,12
1258,I,1,3,2,2,0,7,8,1,6,13,6,7,0,8,0,7
1259,F,3,9,4,6,2,1,13,5,4,12,10,7,0,8,2,6
1260,D,3,6,5,4,3,9,7,4,5,10,4,5,3,8,2,8
1261,B,5,9,4,5,3,7,7,5,5,10,6,9,5,7,7,9
1262,D,2,4,4,3,2,8,7,4,6,9,5,5,2,8,3,7
1263,A,1,3,2,2,1,10,2,2,1,9,2,9,1,6,2,8
1264,W,4,8,7,6,5,7,10,2,3,7,9,8,8,11,1,8
1265,D,7,11,9,8,8,7,8,7,6,8,7,6,7,7,3,7
1266,D,3,5,4,4,3,7,7,7,6,7,6,5,2,8,3,7
1267,T,3,6,4,5,4,6,7,3,8,8,7,10,3,7,7,6
1268,W,5,6,5,4,4,4,10,2,3,9,9,7,7,11,2,6
1269,E,3,2,3,3,3,7,7,5,7,7,5,9,2,8,5,10
1270,Z,3,9,5,7,5,8,6,3,7,7,6,8,1,7,11,9
1271,Y,3,8,5,6,2,5,10,3,2,8,12,8,1,11,0,8
1272,U,6,9,8,7,10,9,8,4,5,5,8,8,10,7,8,6
1273,J,6,8,8,9,7,8,9,5,5,7,7,9,4,6,9,6
1274,E,8,15,6,8,5,8,6,5,5,11,5,10,3,8,7,11
1275,W,6,5,7,4,3,3,10,3,3,10,10,8,7,10,1,7
1276,Y,6,8,8,10,10,10,10,6,3,6,7,7,6,11,8,3
1277,I,1,7,0,5,1,7,7,5,3,7,6,8,0,8,0,8
1278,J,3,9,4,7,3,10,6,0,8,11,3,6,0,7,1,7
1279,I,1,4,2,3,0,7,8,0,7,13,6,8,0,8,0,8
1280,P,8,15,7,8,4,6,9,6,4,13,5,5,4,10,4,8
1281,N,4,9,6,6,4,8,9,9,6,8,5,5,3,7,3,7
1282,H,3,9,4,6,2,7,8,15,1,7,4,8,3,8,0,8
1283,P,11,13,8,7,4,6,12,6,5,14,6,2,4,10,4,8
1284,Y,6,9,6,7,4,5,9,0,8,8,9,5,1,11,4,5
1285,E,3,7,3,5,2,3,7,6,11,7,7,15,0,8,6,7
1286,S,4,6,5,6,6,8,8,5,4,7,7,8,5,11,9,10
1287,T,4,9,5,7,5,7,11,4,6,7,11,8,2,12,1,7
1288,M,6,11,7,8,7,8,6,11,1,7,8,8,9,4,1,8
1289,L,2,6,2,4,0,0,2,5,6,0,0,7,0,8,0,8
1290,V,2,0,3,1,0,7,9,4,2,7,13,8,2,10,0,8
1291,B,4,11,6,8,8,7,7,6,5,7,6,6,3,8,6,10
1292,V,2,3,2,1,1,5,11,2,2,9,10,7,1,11,1,7
1293,S,4,9,5,7,3,8,6,6,9,5,6,8,0,9,9,8
1294,Q,6,13,5,7,3,8,4,4,7,10,4,9,3,8,8,10
1295,S,3,4,5,3,2,8,7,2,7,10,5,8,1,9,5,8
1296,O,5,9,6,7,5,7,8,8,4,6,7,9,3,7,4,7
1297,E,1,0,1,1,1,5,7,5,8,7,6,12,0,8,6,9
1298,A,2,6,4,4,1,8,5,3,1,7,1,8,2,7,2,8
1299,T,3,3,4,2,1,5,11,3,7,11,9,4,1,10,2,5
1300,G,2,1,3,2,2,6,7,6,6,6,6,10,2,9,3,9
1301,R,4,11,6,8,6,6,7,6,6,6,5,8,3,6,6,9
1302,H,4,7,4,4,2,7,10,14,2,7,3,8,3,8,0,8
1303,M,8,9,11,7,9,6,8,3,4,9,9,9,9,8,3,8
1304,D,4,7,6,5,3,9,6,4,8,11,4,6,3,8,3,9
1305,X,3,7,5,5,4,7,7,3,8,5,6,8,2,8,6,8
1306,C,6,11,6,8,3,4,8,6,8,12,10,13,1,9,3,7
1307,S,3,7,4,5,3,8,8,5,7,5,6,8,0,8,8,8
1308,P,5,10,7,8,6,7,10,5,4,12,5,3,1,10,3,8
1309,P,4,8,6,6,4,6,9,7,6,9,7,4,2,10,4,6
1310,J,0,0,1,0,0,11,4,5,3,12,4,10,0,7,0,8
1311,R,5,11,7,8,6,6,8,5,6,6,5,7,3,6,6,9
1312,E,7,11,4,6,2,8,7,5,8,10,6,9,2,10,7,9
1313,J,2,10,3,7,3,8,6,2,4,11,5,10,1,6,2,6
1314,Q,2,3,3,5,3,8,8,6,1,5,7,10,3,9,5,10
1315,V,7,12,5,6,3,8,10,5,5,7,10,5,5,12,3,7
1316,O,2,6,3,4,2,7,7,6,3,7,6,8,3,8,2,8
1317,G,2,4,3,3,2,6,7,5,4,9,7,10,2,9,4,10
1318,P,5,7,6,5,5,6,9,6,4,8,7,9,2,9,7,10
1319,I,0,3,0,2,0,9,7,2,6,7,6,7,0,8,1,7
1320,G,3,2,5,3,3,7,7,6,6,6,7,9,2,8,4,8
1321,D,3,4,4,3,2,7,7,7,7,7,6,5,2,8,3,7
1322,U,6,9,8,6,6,7,8,8,6,5,7,11,4,8,5,6
1323,D,5,8,7,7,6,6,7,5,7,7,5,7,4,7,6,5
1324,A,1,0,2,0,0,8,4,2,0,7,2,8,1,6,1,8
1325,U,1,0,1,0,0,7,7,10,4,7,12,8,3,10,0,8
1326,V,3,4,5,3,2,8,12,2,3,6,11,9,2,10,1,8
1327,D,5,9,6,7,3,6,8,11,10,8,7,6,3,8,4,8
1328,A,3,6,5,4,2,11,2,4,2,10,2,10,2,7,3,8
1329,U,7,11,6,6,4,6,6,5,5,7,8,9,5,8,3,9
1330,M,4,7,4,5,3,7,7,12,1,7,9,8,8,6,0,8
1331,X,7,10,7,5,4,6,9,3,7,11,10,8,4,14,4,6
1332,P,5,11,7,8,5,8,8,1,6,13,6,5,1,9,3,9
1333,Z,4,5,6,8,5,11,4,2,5,8,3,6,1,8,6,9
1334,J,6,8,7,9,7,8,7,4,6,6,6,7,4,9,10,9
1335,X,7,15,8,8,5,10,5,3,8,11,2,8,4,5,4,9
1336,G,4,8,5,6,3,7,7,7,7,11,6,11,2,9,4,9
1337,C,2,2,3,4,2,6,8,7,7,8,8,13,1,9,4,10
1338,R,4,5,7,4,6,7,7,3,4,7,5,8,6,9,5,7
1339,B,3,7,5,5,5,7,8,7,6,7,5,7,2,7,6,10
1340,T,3,5,4,4,3,7,11,3,7,7,11,8,2,11,1,8
1341,O,3,7,4,5,2,7,6,8,8,7,4,8,3,8,4,8
1342,G,5,8,7,7,7,7,8,6,3,7,7,9,7,10,8,8
1343,N,6,12,7,6,3,7,7,2,3,12,5,8,5,8,0,7
1344,K,3,4,5,3,3,6,8,1,7,10,7,10,3,8,2,7
1345,N,5,9,7,6,4,7,9,6,5,7,6,7,7,9,3,7
1346,S,3,4,3,3,2,8,7,7,5,7,6,8,2,9,9,8
1347,K,4,2,5,3,3,5,7,4,8,7,6,11,3,8,5,9
1348,A,4,12,7,8,3,7,4,3,2,6,1,8,3,7,3,7
1349,I,3,10,5,7,2,7,7,0,9,14,6,8,0,8,1,8
1350,I,1,6,0,4,0,7,7,4,4,7,6,8,0,8,0,8
1351,J,5,6,6,7,5,8,9,4,5,7,6,8,3,8,8,8
1352,O,3,4,4,3,2,8,6,7,4,9,5,8,2,8,3,8
1353,C,3,4,4,6,1,5,6,7,9,6,5,13,1,8,4,9
1354,L,2,5,4,4,2,7,4,1,8,8,2,10,0,7,2,8
1355,T,3,7,4,5,2,6,12,2,7,8,11,8,1,11,1,7
1356,K,5,10,7,7,6,6,7,4,7,6,6,9,7,8,5,9
1357,P,6,9,8,7,6,5,14,6,2,12,6,2,1,10,3,7
1358,U,6,7,7,5,4,4,8,5,7,9,8,9,3,9,3,5
1359,P,4,10,6,7,6,7,6,7,4,7,6,8,3,8,7,10
1360,T,6,13,5,7,2,6,9,3,7,13,6,6,2,8,4,4
1361,C,3,2,4,4,2,5,8,7,7,9,8,13,1,9,4,10
1362,N,2,3,3,2,2,7,9,6,4,8,6,7,4,8,1,7
1363,H,4,2,5,3,4,7,7,6,6,7,6,8,3,8,3,9
1364,K,5,11,6,8,2,4,5,9,2,7,7,12,4,7,3,11
1365,F,4,8,6,9,8,7,9,4,4,8,6,7,4,9,8,8
1366,C,4,7,5,5,2,7,7,6,7,12,7,11,2,10,3,8
1367,F,5,11,6,8,6,6,9,4,7,10,9,6,2,9,4,6
1368,L,4,9,5,4,3,9,4,3,4,12,7,11,3,10,4,10
1369,Y,4,7,4,5,2,4,9,2,6,10,11,6,1,11,2,5
1370,S,7,11,9,8,11,8,6,5,3,8,6,8,5,7,11,8
1371,U,3,8,5,6,3,6,8,8,9,9,9,8,3,9,1,8
1372,N,1,1,2,2,1,7,7,11,1,5,6,8,4,8,0,8
1373,Z,4,8,5,6,3,8,6,2,10,11,4,9,2,8,6,9
1374,O,2,1,3,2,2,8,7,7,4,7,6,8,2,8,3,8
1375,P,6,9,5,5,2,7,9,5,3,12,4,5,4,9,4,8
1376,J,3,10,4,8,2,14,3,5,5,13,1,9,0,7,0,8
1377,O,4,9,6,7,3,8,7,9,8,7,5,8,3,8,4,8
1378,Z,2,4,4,2,2,7,7,2,9,12,6,8,1,8,5,8
1379,X,4,4,6,3,3,7,6,1,9,11,7,9,3,7,3,7
1380,H,5,10,7,8,8,7,7,6,7,7,6,9,3,8,4,8
1381,X,5,9,6,6,1,7,7,5,4,7,6,8,3,8,4,8
1382,H,5,6,7,4,5,5,9,3,6,10,9,9,3,9,3,6
1383,K,3,7,3,5,2,5,7,7,2,6,5,11,3,8,2,11
1384,D,5,11,6,8,7,10,6,3,6,10,3,6,3,8,3,9
1385,T,4,9,5,7,4,9,11,3,7,5,11,8,2,12,1,8
1386,A,4,11,6,8,4,8,3,2,3,6,1,8,2,7,3,7
1387,H,4,5,5,3,3,7,7,6,6,7,6,8,3,8,3,8
1388,Q,2,3,3,3,2,8,9,5,2,5,8,10,2,9,5,9
1389,I,0,1,0,1,0,7,7,4,4,7,6,8,0,8,0,8
1390,P,8,11,7,6,4,8,9,4,4,12,4,4,4,10,5,7
1391,F,6,10,8,8,9,7,6,6,4,8,7,8,4,10,8,11
1392,K,1,0,1,0,0,4,6,5,1,7,6,10,2,7,1,10
1393,H,1,0,2,0,0,7,8,11,1,7,6,8,2,8,0,8
1394,E,3,6,3,4,2,3,8,6,10,7,5,14,0,8,7,7
1395,A,2,4,4,3,2,9,2,2,1,8,2,9,2,7,2,8
1396,C,7,11,8,8,5,4,8,6,7,12,9,11,2,11,3,7
1397,H,7,12,8,6,5,11,6,3,5,10,4,6,5,9,4,8
1398,I,1,10,0,8,1,7,7,5,3,7,6,8,0,8,0,8
1399,J,1,7,2,5,1,9,6,2,7,11,4,8,0,7,1,6
1400,Y,9,9,7,13,5,7,11,2,3,9,10,5,4,10,6,8
1401,G,3,5,4,3,2,6,7,5,5,9,7,10,2,8,4,9
1402,X,5,10,6,7,2,7,7,5,4,7,6,8,3,8,4,8
1403,T,2,6,4,4,1,8,15,1,5,6,11,8,0,8,0,8
1404,D,3,7,5,5,4,9,7,3,5,10,4,6,3,8,2,8
1405,Q,5,8,5,9,5,8,6,7,2,8,7,12,3,8,6,7
1406,Y,3,8,5,6,1,6,9,3,1,8,13,8,2,11,0,8
1407,O,4,7,4,5,4,7,8,7,4,9,7,8,3,8,3,8
1408,B,5,9,7,7,5,8,8,4,7,10,5,5,2,8,6,10
1409,E,3,5,5,3,2,6,7,1,8,11,6,9,2,8,4,8
1410,Z,3,3,4,5,2,7,7,4,14,9,6,8,0,8,8,8
1411,X,7,15,8,8,5,11,7,2,8,11,4,6,3,11,4,9
1412,G,2,2,4,3,2,6,7,6,6,7,6,10,2,8,4,9
1413,M,6,10,8,8,10,7,6,7,4,6,5,8,8,8,8,9
1414,U,4,7,5,5,2,7,4,14,5,7,14,8,3,9,0,8
1415,X,4,9,7,6,4,7,7,0,8,9,6,8,2,8,3,7
1416,W,3,2,4,3,3,8,11,2,2,6,8,8,6,11,0,8
1417,M,2,3,4,2,2,8,6,3,4,9,6,8,6,5,1,7
1418,T,3,4,4,3,2,5,12,3,7,11,9,4,1,11,2,5
1419,B,2,3,4,1,2,8,7,2,5,10,5,6,1,8,4,9
1420,J,1,6,2,4,1,14,2,6,5,13,1,9,0,7,0,8
1421,I,1,3,2,2,1,7,8,1,7,13,6,7,0,8,1,7
1422,L,2,6,3,4,2,3,4,3,8,2,1,8,0,7,1,6
1423,F,3,9,5,6,3,4,11,2,6,11,10,6,1,10,3,5
1424,L,3,7,4,5,3,5,5,2,8,7,2,9,1,7,3,7
1425,N,4,9,4,6,4,8,7,12,1,6,6,8,5,9,0,8
1426,J,3,7,4,5,2,9,6,1,6,11,4,7,0,7,1,7
1427,E,4,6,6,4,4,6,8,3,7,11,8,9,3,9,4,7
1428,B,3,5,5,3,3,9,7,3,6,10,5,6,2,8,5,10
1429,G,1,0,2,0,0,8,6,5,4,6,5,9,1,8,5,10
1430,Y,3,9,6,6,1,5,11,3,2,10,12,7,1,11,0,8
1431,H,2,3,4,2,2,6,8,2,5,10,7,8,3,8,2,7
1432,B,6,11,8,8,7,9,7,4,7,10,4,6,3,8,6,10
1433,Y,7,9,5,13,4,5,11,2,4,11,10,6,4,11,6,7
1434,A,3,9,5,6,3,9,3,2,3,7,1,8,2,6,2,7
1435,R,1,0,2,1,1,6,10,7,2,7,5,8,2,7,4,10
1436,R,3,4,3,5,2,5,11,7,4,7,3,9,3,7,6,11
1437,H,7,9,7,4,3,8,8,4,5,8,5,7,6,7,4,8
1438,A,5,8,8,7,7,8,7,2,5,7,8,8,5,10,3,6
1439,D,2,6,3,4,3,8,7,5,6,6,5,4,3,8,3,7
1440,P,4,7,6,5,5,6,7,7,4,7,6,8,3,10,7,9
1441,A,2,4,3,2,1,8,2,2,2,8,2,8,2,6,2,7
1442,E,5,9,7,6,5,7,8,1,8,11,6,9,3,8,4,9
1443,Y,2,3,4,4,0,7,10,2,2,8,12,8,1,11,0,8
1444,V,6,8,6,6,2,4,12,4,4,10,12,7,3,9,1,8
1445,Q,6,7,8,11,8,10,12,6,0,4,7,11,6,15,5,8
1446,F,2,1,2,1,1,5,10,4,4,10,9,5,1,10,2,7
1447,G,5,8,6,6,6,7,7,6,2,6,6,10,4,8,7,7
1448,N,3,5,5,3,2,6,9,2,4,10,7,7,5,8,1,8
1449,Q,3,4,4,5,3,8,8,5,2,8,7,10,2,9,4,8
1450,X,2,5,4,3,2,7,7,3,9,6,6,8,2,8,6,8
1451,K,4,5,7,4,4,6,7,2,7,10,7,10,3,8,3,8
1452,I,1,3,2,1,0,7,7,1,6,13,6,8,0,8,0,8
1453,V,4,7,5,5,3,9,12,2,3,4,10,9,3,12,2,8
1454,K,5,9,7,8,8,8,8,2,5,8,3,8,5,4,4,10
1455,V,7,12,7,7,4,7,8,4,4,7,7,6,6,12,2,9
1456,L,3,6,5,4,5,8,8,3,5,5,7,9,6,11,6,5
1457,W,7,10,7,8,7,4,11,2,2,9,8,7,7,12,2,6
1458,D,5,8,8,6,6,8,8,5,6,10,6,5,5,9,4,10
1459,U,2,6,4,4,3,6,9,4,5,6,9,9,3,9,0,8
1460,S,6,11,8,8,5,8,7,3,6,10,5,7,2,8,5,8
1461,D,1,0,1,0,0,6,7,7,5,7,6,6,2,8,3,8
1462,V,9,14,7,8,3,7,11,5,6,10,10,5,4,11,3,8
1463,Z,3,8,5,6,3,6,9,2,9,11,8,7,2,9,6,7
1464,E,4,7,6,5,3,7,8,3,9,11,7,8,2,8,5,7
1465,Y,4,10,6,8,2,5,11,1,4,9,11,8,0,10,0,8
1466,T,2,8,3,6,2,7,13,0,5,7,10,8,0,8,0,8
1467,M,4,6,6,4,4,10,6,7,5,6,7,4,8,5,2,5
1468,L,2,1,2,3,1,4,4,5,7,2,2,5,1,7,1,6
1469,S,2,1,2,2,1,8,7,6,4,8,5,8,2,8,8,8
1470,J,1,3,3,2,1,8,6,3,6,14,5,10,0,7,0,7
1471,B,2,2,3,3,2,8,7,5,5,6,6,5,2,8,7,9
1472,Z,7,10,5,14,5,5,11,3,3,12,8,6,3,8,12,5
1473,S,4,8,5,6,3,10,7,4,8,11,5,7,2,9,5,9
1474,A,7,12,6,6,3,9,0,3,2,9,4,12,3,5,4,6
1475,R,3,6,3,4,3,6,9,7,3,7,5,8,2,7,5,11
1476,Y,1,1,2,1,0,7,10,2,2,7,12,8,1,11,0,8
1477,U,5,6,5,4,3,4,8,5,7,9,8,9,3,9,3,5
1478,Y,5,8,5,6,2,3,13,4,6,13,11,4,1,11,2,5
1479,Z,5,11,7,8,8,6,7,3,9,7,6,10,1,8,11,5
1480,X,1,0,1,0,0,7,7,3,4,7,6,8,2,8,3,8
1481,R,7,12,7,6,5,11,5,3,5,10,3,8,6,8,6,10
1482,S,4,8,5,6,3,7,7,4,8,11,4,8,2,7,5,8
1483,Q,4,7,5,6,3,8,5,8,7,7,4,9,3,8,4,8
1484,D,2,5,4,4,3,8,7,5,6,9,5,5,3,8,4,8
1485,C,1,3,2,1,1,5,9,4,6,11,8,10,1,9,2,8
1486,P,6,9,5,4,2,7,9,6,3,13,5,4,4,9,4,7
1487,G,7,15,6,8,5,8,7,4,4,8,6,7,4,9,9,8
1488,Z,3,4,5,6,4,9,7,5,6,8,3,7,3,6,6,8
1489,N,4,8,6,6,4,5,9,2,3,9,8,8,5,8,1,7
1490,M,5,9,6,7,4,8,7,13,2,6,9,8,8,6,0,8
1491,A,3,6,4,4,2,8,2,2,2,7,2,8,2,6,3,7
1492,N,4,7,6,5,4,8,8,5,6,7,6,4,7,9,4,6
1493,Z,2,4,4,6,3,11,5,3,4,9,3,7,2,7,6,8
1494,T,4,8,6,6,5,6,8,7,7,8,7,8,3,10,6,9
1495,I,3,6,4,4,2,7,7,0,7,13,6,8,0,8,1,7
1496,N,3,3,5,2,2,7,9,3,4,10,6,6,5,9,1,7
1497,D,4,6,5,5,5,7,7,5,6,7,5,9,4,6,6,5
1498,X,4,11,6,8,6,6,7,2,7,7,7,10,6,5,8,7
1499,Z,1,1,2,2,1,7,8,5,8,6,6,9,1,8,7,7
1500,N,4,8,6,6,5,8,8,5,5,6,6,5,6,10,2,5
1501,Q,3,4,4,5,3,8,7,6,3,8,8,10,3,8,5,8
1502,Q,5,7,5,9,5,7,9,4,3,7,9,11,3,9,6,8
1503,A,1,0,2,1,0,8,4,2,0,7,2,8,2,7,1,8
1504,G,3,5,4,4,2,5,7,5,5,9,7,10,2,8,4,9
1505,W,2,4,4,2,2,8,10,2,2,6,9,8,6,11,0,8
1506,B,5,8,7,6,6,8,6,6,6,9,7,7,3,8,7,8
1507,Q,3,4,4,5,3,8,8,6,2,5,7,10,3,9,5,10
1508,O,2,2,3,3,2,7,7,8,4,7,6,8,2,8,3,8
1509,N,3,7,4,5,3,8,8,6,4,7,6,6,5,9,1,6
1510,I,2,8,2,6,2,7,7,0,7,7,6,8,0,8,3,8
1511,N,4,5,5,4,3,7,8,6,5,7,6,6,6,9,2,5
1512,U,4,5,5,3,2,3,8,4,6,11,11,9,3,9,1,6
1513,Z,4,7,6,5,5,8,8,5,3,6,4,6,4,8,8,3
1514,K,4,10,5,8,4,3,6,7,4,7,7,12,3,8,3,11
1515,C,4,6,4,4,2,3,9,5,8,10,10,12,1,8,3,7
1516,N,4,5,7,4,3,6,10,3,5,10,8,7,5,8,1,7
1517,K,3,5,5,4,3,6,7,1,7,10,7,10,3,8,3,8
1518,C,4,7,5,5,2,4,9,6,8,12,10,12,1,9,3,7
1519,R,4,6,5,4,3,10,7,3,6,10,3,6,3,7,4,10
1520,O,6,9,6,7,4,8,6,8,5,10,6,10,3,8,4,6
1521,Q,1,0,2,1,1,8,7,6,4,6,6,8,2,8,3,8
1522,I,1,4,2,3,1,7,8,0,6,13,6,8,0,8,0,8
1523,W,4,10,6,7,4,11,8,5,2,7,9,8,8,10,0,8
1524,X,2,1,3,2,2,8,7,3,8,6,6,8,2,8,5,8
1525,T,1,0,2,1,0,7,14,1,4,7,10,8,0,8,0,8
1526,R,4,6,4,4,2,6,12,8,3,7,3,9,2,7,5,11
1527,J,3,6,5,4,4,8,8,4,3,8,4,7,4,9,5,4
1528,K,5,9,8,7,5,8,6,1,7,10,3,9,5,6,6,10
1529,J,3,9,4,7,1,12,2,9,4,13,7,13,1,6,0,8
1530,E,3,5,5,4,3,7,7,2,7,11,6,8,2,9,5,8
1531,A,1,0,2,0,0,7,4,2,0,7,2,8,1,6,1,8
1532,C,5,7,5,5,3,5,8,6,8,12,9,13,1,9,3,7
1533,X,3,6,4,4,2,7,7,4,4,7,6,8,2,8,4,8
1534,L,2,7,3,5,2,5,5,3,8,3,2,7,0,6,2,6
1535,S,3,5,5,3,2,7,7,3,7,11,5,8,1,8,5,8
1536,N,2,1,2,2,1,7,7,12,1,5,6,8,5,8,0,8
1537,F,3,6,4,4,3,5,10,2,6,10,9,6,1,10,3,6
1538,S,6,9,8,7,5,6,7,4,7,10,10,9,2,9,5,5
1539,K,3,6,4,4,3,6,7,5,7,7,6,10,3,8,5,9
1540,O,5,9,6,6,8,7,8,5,1,7,7,8,8,9,6,10
1541,J,5,10,7,8,5,9,4,5,6,8,5,6,2,8,4,6
1542,T,3,4,4,2,1,5,11,2,7,11,9,5,1,10,2,5
1543,H,5,8,7,6,6,4,9,3,5,10,9,9,3,8,3,5
1544,Z,2,0,2,1,1,7,7,3,11,8,6,8,0,8,7,8
1545,X,7,15,8,8,5,6,8,2,8,11,7,8,4,9,4,6
1546,F,3,5,4,7,2,0,14,4,4,12,11,6,0,8,2,6
1547,D,6,11,8,8,8,10,7,4,6,9,3,6,3,8,3,8
1548,C,3,10,5,8,4,5,8,7,6,9,8,14,2,9,4,10
1549,B,3,7,3,5,3,6,8,9,6,6,5,7,2,8,8,9
1550,C,4,9,6,6,7,7,7,4,3,6,7,10,8,10,6,6
1551,H,5,10,5,8,5,8,7,13,1,7,7,8,3,8,0,8
1552,T,3,3,3,2,1,5,12,3,5,11,9,4,2,11,1,5
1553,J,2,7,3,5,2,9,6,1,6,11,4,8,0,7,1,7
1554,S,2,3,2,1,1,8,8,6,5,7,5,7,2,8,8,8
1555,M,3,2,4,3,3,8,6,5,3,7,7,9,9,5,1,8
1556,H,2,3,4,1,2,8,7,3,6,10,5,7,3,8,2,7
1557,N,4,7,4,5,3,8,8,12,1,6,6,7,5,8,0,9
1558,K,3,6,5,4,5,6,7,3,6,6,5,8,3,8,4,9
1559,A,2,5,4,3,2,10,2,3,2,10,2,9,2,6,2,8
1560,D,1,1,2,2,1,6,7,8,6,6,6,6,2,8,3,8
1561,P,4,6,6,4,3,8,10,3,5,13,4,3,1,10,3,9
1562,I,1,4,3,3,1,7,7,1,7,14,6,8,0,8,1,8
1563,J,6,11,5,8,4,9,8,2,3,12,5,6,2,9,7,9
1564,J,2,10,3,8,2,12,3,7,3,12,5,11,1,6,0,8
1565,F,3,8,3,6,1,1,13,5,3,12,10,6,0,8,2,6
1566,K,6,7,8,5,5,7,8,2,7,10,5,9,4,7,3,7
1567,W,4,9,6,6,3,4,8,5,1,7,9,8,8,10,0,8
1568,V,4,5,7,8,2,7,8,4,3,7,14,8,3,9,0,8
1569,I,1,1,1,1,0,7,7,2,8,7,6,8,0,8,3,8
1570,O,2,3,3,2,2,7,7,7,5,7,6,8,2,8,3,8
1571,P,4,7,6,5,3,7,11,5,4,12,4,1,1,10,3,8
1572,W,4,4,6,6,3,8,8,4,1,7,8,8,8,9,0,8
1573,U,4,8,5,6,5,7,6,9,5,7,6,9,4,9,6,4
1574,O,3,8,4,6,3,7,7,8,4,10,6,8,3,8,3,7
1575,U,5,9,7,6,4,4,8,7,9,9,10,11,3,9,1,7
1576,I,3,9,4,6,2,7,8,0,8,14,6,6,0,8,1,7
1577,X,2,3,3,2,1,7,7,1,8,10,6,8,2,8,2,7
1578,J,2,8,3,6,2,9,6,3,6,11,4,9,1,6,2,6
1579,B,4,2,5,4,4,8,7,5,6,6,5,5,2,8,7,10
1580,Q,2,3,3,4,2,7,9,4,1,7,8,10,2,9,4,8
1581,G,4,7,4,5,3,7,6,6,6,10,6,12,2,10,4,9
1582,Q,7,8,7,9,7,8,7,6,2,7,7,11,5,9,7,7
1583,J,7,11,9,8,6,9,4,5,6,8,5,6,2,7,5,6
1584,D,8,12,8,6,4,11,3,3,6,10,2,8,4,7,3,12
1585,U,4,10,6,7,9,10,8,4,4,5,8,8,9,8,8,6
1586,P,4,10,5,8,4,6,10,6,5,9,7,3,2,10,4,7
1587,X,4,8,5,6,1,7,7,4,4,7,6,8,3,8,4,8
1588,B,3,6,4,4,4,8,7,5,6,7,6,6,2,8,6,9
1589,G,4,8,5,6,3,7,7,8,6,7,6,12,3,8,4,9
1590,W,3,4,5,6,3,6,8,4,1,7,8,8,8,10,0,8
1591,G,2,4,3,3,2,6,7,5,5,9,7,10,2,9,4,9
1592,A,4,9,5,6,4,7,5,3,0,6,1,8,2,7,1,7
1593,R,4,8,6,6,6,6,7,5,6,7,6,7,3,7,5,9
1594,B,2,4,3,2,2,10,7,2,6,10,4,6,2,8,4,10
1595,X,8,11,7,6,3,7,7,2,9,9,7,9,4,11,4,7
1596,N,3,4,5,3,2,6,9,3,4,11,8,8,5,7,1,8
1597,K,7,10,10,7,8,8,6,1,7,9,5,9,5,7,5,8
1598,B,4,8,6,6,6,7,8,6,4,7,5,6,4,7,6,6
1599,E,3,7,4,5,3,4,9,2,8,10,8,10,2,8,4,5
1600,E,4,8,4,6,2,3,6,6,11,7,7,15,0,8,7,7
1601,W,4,6,6,4,5,7,11,2,2,7,8,8,6,11,1,8
1602,A,3,9,5,7,3,13,3,3,2,11,1,8,2,6,3,9
1603,U,3,5,4,4,2,6,8,6,7,7,9,9,3,9,1,8
1604,M,3,4,5,2,3,8,6,6,4,7,7,9,9,5,2,8
1605,J,5,9,7,7,3,9,6,3,7,15,5,10,1,6,1,7
1606,C,5,4,6,6,2,6,7,7,11,7,6,14,1,8,4,9
1607,M,3,6,4,4,4,7,6,6,4,6,7,8,7,5,2,7
1608,P,4,7,6,5,3,8,9,3,5,13,5,4,1,10,2,8
1609,I,1,5,1,3,1,7,7,1,7,7,6,8,0,8,3,8
1610,D,5,10,7,7,6,11,6,2,6,11,3,7,3,8,3,9
1611,E,5,11,7,8,5,5,9,4,9,11,9,8,3,8,5,5
1612,S,4,7,5,5,3,10,6,4,8,11,3,8,2,8,5,10
1613,I,3,8,6,6,5,8,8,4,5,9,6,4,5,10,4,6
1614,W,8,13,8,7,5,4,8,1,3,8,9,8,9,11,2,5
1615,C,3,7,4,5,2,3,8,5,8,9,9,13,1,8,3,7
1616,F,4,9,4,6,2,1,13,5,3,12,10,6,0,8,2,6
1617,C,3,7,4,5,2,3,9,6,7,11,11,11,1,8,2,6
1618,Z,4,8,5,6,3,7,7,3,12,9,6,8,0,8,8,8
1619,F,5,10,7,8,5,8,9,2,6,13,6,5,2,10,2,8
1620,R,7,11,10,8,11,5,8,3,5,6,5,10,8,9,9,6
1621,A,5,10,8,8,5,11,3,1,2,8,2,9,4,6,3,8
1622,V,5,9,5,7,4,3,11,2,3,9,11,8,2,11,1,8
1623,Z,4,5,5,8,2,7,7,4,14,9,6,8,0,8,8,8
1624,I,1,3,2,2,1,7,8,0,6,13,6,7,0,8,0,7
1625,O,10,13,7,8,4,7,7,5,5,8,4,7,5,9,6,8
1626,D,1,0,1,0,0,6,7,6,4,7,6,6,2,8,2,8
1627,M,3,4,4,2,3,7,6,6,4,6,7,8,6,6,2,8
1628,S,6,12,6,6,3,7,8,3,6,13,6,7,2,8,3,7
1629,E,6,10,9,8,6,4,9,4,9,12,10,9,3,8,5,5
1630,D,6,11,9,8,8,7,8,6,6,10,7,5,7,9,6,11
1631,I,2,5,4,4,1,7,7,0,7,13,6,8,0,8,1,8
1632,Q,5,5,7,8,4,8,9,7,6,6,8,9,3,7,6,10
1633,M,5,5,6,8,4,7,7,12,2,7,9,8,9,6,0,8
1634,P,4,7,5,5,3,6,10,7,3,10,5,4,2,10,3,8
1635,N,6,10,9,8,5,8,8,3,5,10,5,6,6,8,2,7
1636,F,5,5,5,7,2,1,14,5,4,12,10,6,0,8,2,5
1637,P,6,10,8,8,5,6,12,5,3,12,5,2,1,11,3,8
1638,T,5,10,6,8,4,7,9,0,8,11,9,6,1,10,3,4
1639,U,2,6,3,4,1,8,5,13,5,6,13,8,3,9,0,8
1640,O,4,10,6,8,3,8,8,9,8,6,7,10,3,8,4,8
1641,O,5,9,6,6,5,7,7,7,4,9,6,10,4,8,4,7
1642,S,5,10,7,7,4,9,6,3,7,10,6,9,2,10,5,9
1643,X,3,9,4,6,1,7,7,4,4,7,6,8,3,8,4,8
1644,B,4,10,5,8,6,8,7,7,6,7,6,6,2,8,7,10
1645,N,3,2,3,3,2,7,8,5,4,7,6,7,4,8,1,7
1646,X,3,7,5,5,3,8,7,4,9,6,6,8,3,8,7,9
1647,Q,3,6,4,6,2,8,6,8,6,6,6,8,3,8,4,8
1648,P,2,1,2,2,1,5,10,4,4,9,7,4,1,10,3,7
1649,L,5,10,7,8,4,7,3,2,9,7,1,9,1,6,3,7
1650,W,3,5,5,4,4,9,11,3,2,5,9,7,7,11,1,8
1651,N,3,7,5,5,3,6,9,6,5,8,7,8,5,8,1,7
1652,O,4,9,5,6,4,8,7,8,5,7,7,7,3,8,3,8
1653,V,7,11,9,8,6,5,12,3,2,9,10,7,5,10,6,8
1654,G,4,8,6,6,3,6,6,6,7,7,5,9,3,10,4,8
1655,F,3,4,3,5,1,1,14,5,3,12,9,5,0,8,2,6
1656,L,2,4,4,3,2,6,4,1,8,8,2,11,0,7,2,8
1657,B,4,5,5,8,4,6,7,10,7,7,6,7,2,8,9,9
1658,I,1,7,0,4,0,7,7,4,4,7,6,8,0,8,0,8
1659,X,4,4,5,6,1,7,7,5,4,7,6,8,3,8,4,8
1660,D,4,8,5,6,8,9,7,5,5,7,6,6,4,7,7,6
1661,I,1,8,2,6,2,7,7,0,8,7,6,8,0,8,3,8
1662,D,2,7,4,5,4,7,7,4,6,7,6,6,3,8,2,7
1663,C,6,11,7,8,4,5,8,8,9,9,9,13,2,9,4,9
1664,G,4,6,5,4,3,6,7,6,6,9,8,9,2,8,4,9
1665,V,1,1,2,1,0,7,9,4,2,7,13,8,2,10,0,8
1666,T,5,5,5,4,2,5,12,3,7,12,9,4,1,11,1,5
1667,K,5,7,7,5,4,4,8,2,7,10,10,11,3,8,4,6
1668,C,7,11,7,8,4,5,7,6,8,12,9,14,2,10,4,7
1669,Z,4,5,5,7,2,7,7,4,15,9,6,8,0,8,8,8
1670,W,6,10,6,8,7,4,10,3,2,9,7,8,8,12,3,5
1671,E,4,9,4,7,3,3,8,6,12,7,5,15,0,8,7,7
1672,B,7,12,6,6,4,8,6,4,5,10,5,8,6,7,7,10
1673,B,4,7,6,5,4,10,6,3,7,10,4,7,3,8,5,11
1674,K,2,1,3,3,2,6,7,4,7,7,6,10,3,8,5,9
1675,M,2,3,4,1,2,8,6,3,4,9,6,7,6,5,1,7
1676,H,4,4,6,6,5,9,9,3,1,7,7,8,4,9,8,8
1677,C,6,8,8,7,7,5,7,4,5,7,6,11,4,9,8,9
1678,V,7,12,7,6,4,9,8,4,5,8,8,5,6,10,3,6
1679,F,4,10,6,8,3,4,13,6,5,12,10,3,2,10,2,4
1680,T,3,8,4,6,2,9,13,0,5,6,10,8,0,8,0,8
1681,Y,5,10,7,8,3,7,10,1,3,7,12,8,1,11,0,8
1682,F,3,7,3,4,1,2,14,5,2,12,9,4,0,8,3,6
1683,X,2,3,3,2,2,8,7,3,8,6,6,6,2,8,6,8
1684,D,5,8,7,6,6,8,7,5,6,9,4,5,3,8,4,9
1685,R,2,0,2,1,1,6,10,7,2,7,5,7,2,7,4,9
1686,Y,1,3,2,2,1,6,11,1,7,8,11,9,1,11,2,8
1687,X,4,8,6,6,4,7,7,3,9,5,6,8,3,8,7,8
1688,O,4,6,4,4,4,6,9,7,4,9,8,8,3,8,3,7
1689,C,8,12,5,7,3,5,10,6,8,11,8,8,1,8,6,8
1690,H,3,3,4,4,2,7,7,14,1,7,6,8,3,8,0,8
1691,A,3,9,5,7,3,9,3,2,2,8,1,8,2,6,3,7
1692,X,6,10,9,8,4,5,8,2,9,11,12,10,4,7,4,5
1693,R,5,8,8,7,8,8,8,3,3,7,5,8,7,8,6,4
1694,T,5,7,6,6,6,5,8,4,8,9,7,10,3,7,7,5
1695,C,5,4,6,7,2,7,6,7,11,9,5,13,1,9,4,8
1696,D,8,14,8,8,4,11,4,3,6,10,2,7,5,7,4,12
1697,N,1,3,3,2,1,5,9,3,3,10,8,8,4,8,0,7
1698,A,4,6,6,5,5,8,8,3,5,7,8,7,5,10,4,6
1699,A,3,8,5,6,3,7,5,3,0,7,1,8,2,7,1,8
1700,A,3,11,6,8,4,12,2,2,2,9,2,9,2,6,3,8
1701,B,4,9,6,7,5,8,7,6,6,9,6,6,3,8,7,8
1702,V,1,0,2,0,0,8,9,3,2,6,12,8,2,10,0,8
1703,D,5,5,6,7,3,5,7,10,10,6,6,6,3,8,4,8
1704,X,2,3,3,2,2,7,7,3,9,6,6,8,2,8,5,8
1705,D,6,11,6,6,3,10,4,3,6,9,3,7,4,7,4,11
1706,J,2,5,4,4,1,9,6,2,7,14,5,10,1,6,1,7
1707,H,5,11,5,8,3,7,9,15,2,7,3,8,3,8,0,8
1708,E,2,3,4,2,2,7,7,2,7,11,7,9,2,8,4,8
1709,I,3,9,4,6,3,8,7,0,7,13,6,8,0,8,1,8
1710,U,7,9,6,5,3,4,4,5,5,4,7,8,5,7,2,7
1711,C,7,10,9,8,6,7,7,8,7,6,7,8,5,6,5,9
1712,I,7,14,5,8,2,9,7,6,4,13,3,7,3,7,6,11
1713,T,4,6,5,6,5,5,8,4,7,8,8,9,3,8,7,6
1714,A,2,4,3,3,1,10,2,3,2,10,2,9,2,6,2,8
1715,K,8,13,8,8,4,8,7,3,6,9,7,8,6,11,4,7
1716,W,5,8,8,6,3,7,7,5,2,7,8,8,9,9,0,8
1717,Q,4,7,5,9,6,8,6,8,2,5,6,9,3,8,5,10
1718,T,5,10,6,8,4,5,11,1,9,8,11,9,1,10,1,7
1719,Z,1,0,2,1,0,7,7,2,11,8,6,8,0,8,6,8
1720,B,5,4,5,6,4,7,9,9,8,7,5,7,2,8,9,9
1721,P,4,6,6,4,3,7,10,3,4,13,6,3,1,10,3,9
1722,V,6,11,6,6,3,5,9,4,3,10,8,5,5,12,2,7
1723,P,2,1,2,1,1,5,11,7,2,9,6,4,1,9,3,8
1724,H,3,6,4,4,2,7,8,14,1,7,5,8,3,8,0,8
1725,X,7,10,10,8,6,9,6,1,8,10,3,7,3,8,3,9
1726,P,4,9,6,6,4,5,10,6,5,10,8,3,1,10,4,6
1727,C,0,0,1,0,0,6,7,5,7,7,6,14,0,8,3,10
1728,G,3,4,4,3,2,7,6,6,6,6,6,10,2,9,4,9
1729,G,3,5,4,4,3,6,7,5,5,9,7,10,2,8,4,10
1730,X,9,11,8,6,3,7,7,2,9,9,6,8,4,9,4,8
1731,Z,5,8,6,6,4,7,8,2,10,12,7,6,1,7,6,6
1732,W,6,11,9,8,7,5,9,5,1,7,9,8,8,11,0,7
1733,I,2,8,3,6,1,9,7,0,8,14,5,8,0,8,1,8
1734,Z,2,4,4,3,2,8,7,2,9,12,6,7,1,8,5,8
1735,C,2,6,3,4,2,6,8,8,8,9,8,13,1,9,4,10
1736,W,3,7,6,5,4,5,10,2,3,8,9,9,7,11,1,8
1737,G,4,7,5,5,3,6,7,7,7,10,7,9,2,10,4,9
1738,X,3,3,4,4,1,7,7,4,4,7,6,8,3,8,4,8
1739,R,3,7,3,5,2,6,9,9,5,7,5,8,3,8,5,10
1740,I,0,1,0,1,0,7,7,4,4,7,6,8,0,8,0,8
1741,N,5,9,8,7,5,10,7,3,5,10,2,5,6,9,1,7
1742,W,8,10,8,5,4,1,9,3,3,11,12,9,8,10,1,6
1743,K,7,10,10,8,6,4,9,2,7,10,9,10,5,6,4,5
1744,U,4,7,4,5,3,7,6,12,4,7,12,8,3,9,0,8
1745,B,8,12,6,6,4,7,7,5,6,10,5,8,6,6,7,10
1746,H,4,5,6,4,4,7,7,3,6,10,6,8,3,8,3,8
1747,E,4,7,5,5,4,10,6,2,7,11,4,8,4,9,5,12
1748,C,3,7,5,5,5,5,7,3,4,7,6,10,5,10,3,8
1749,Q,3,6,4,8,4,8,11,4,3,5,9,11,2,10,5,8
1750,P,6,11,8,8,5,5,11,7,4,11,7,2,1,10,4,6
1751,L,3,7,3,5,1,0,1,5,6,0,0,6,0,8,0,8
1752,E,0,0,1,0,0,5,7,5,6,7,6,12,0,8,6,10
1753,K,1,1,2,1,1,6,7,4,7,7,6,11,3,8,4,9
1754,R,4,4,4,6,3,5,11,8,4,7,2,9,3,7,6,11
1755,O,1,0,1,0,0,7,6,6,3,7,6,7,2,8,3,8
1756,K,4,9,6,7,4,5,7,5,7,6,6,10,4,8,5,9
1757,V,5,6,5,4,2,3,12,4,4,10,12,7,2,10,1,7
1758,F,5,8,7,6,4,7,9,3,6,13,6,5,2,9,3,7
1759,T,2,4,3,3,1,7,11,2,7,6,11,8,1,10,1,8
1760,S,2,6,3,4,2,7,6,5,8,4,6,8,0,9,8,8
1761,Q,3,7,4,6,3,8,7,7,4,6,6,9,2,8,4,9
1762,V,2,0,3,1,0,7,9,4,2,7,13,8,2,10,0,8
1763,U,3,6,4,4,2,7,4,14,5,7,12,8,3,9,0,8
1764,P,1,0,2,0,0,5,11,6,1,9,6,5,1,9,3,8
1765,J,1,1,2,3,1,11,6,2,6,12,3,7,0,7,1,8
1766,S,6,9,7,6,4,8,8,4,10,11,4,7,2,6,5,9
1767,M,10,15,12,9,6,10,2,3,2,10,3,9,8,1,1,8
1768,T,3,9,4,7,4,7,11,3,6,7,11,9,2,12,1,8
1769,U,5,6,6,4,3,3,9,5,7,11,11,9,3,9,2,6
1770,F,3,7,3,4,1,1,13,5,4,12,10,7,0,8,2,6
1771,X,3,5,6,3,3,7,7,1,8,10,6,8,2,8,3,8
1772,L,7,11,6,6,3,10,2,4,4,12,5,13,2,7,5,9
1773,X,4,6,5,5,5,8,8,2,4,7,6,8,3,8,7,7
1774,F,7,12,6,6,3,8,8,3,7,12,4,5,2,8,7,7
1775,J,7,8,4,12,4,7,9,3,4,13,4,5,3,8,7,10
1776,T,5,9,5,6,3,5,12,3,8,12,9,4,1,11,2,4
1777,Y,3,9,5,6,2,9,11,1,3,5,11,8,1,10,0,8
1778,A,3,8,5,5,2,7,5,3,1,6,1,8,2,7,2,7
1779,F,4,7,6,5,3,5,11,3,5,13,8,5,1,10,2,7
1780,I,2,9,2,7,3,7,7,0,7,7,6,8,0,8,3,8
1781,U,3,2,4,4,2,6,8,6,7,6,9,9,3,9,1,7
1782,I,0,6,0,4,0,7,7,4,4,7,6,8,0,8,0,8
1783,E,4,5,6,4,5,6,8,4,4,8,7,9,4,11,8,10
1784,H,8,10,11,8,6,7,8,3,7,10,8,8,6,8,5,7
1785,M,4,2,6,3,4,8,6,6,5,6,7,8,8,7,3,6
1786,N,3,6,4,4,2,7,7,14,2,5,6,8,6,8,0,8
1787,S,3,8,4,6,2,7,6,6,10,5,7,10,0,9,9,8
1788,L,10,15,8,8,4,9,2,4,5,12,4,13,2,7,6,8
1789,F,3,5,5,6,4,6,9,3,4,8,7,7,4,10,8,9
1790,H,5,9,8,7,7,8,8,5,7,7,6,7,6,8,4,7
1791,W,5,6,7,5,8,6,7,6,5,6,5,8,8,10,8,10
1792,N,4,7,6,5,3,11,6,4,5,10,1,5,5,9,1,7
1793,H,7,9,10,7,6,5,8,4,7,10,9,10,3,8,3,6
1794,I,2,8,4,6,4,10,6,1,4,8,5,5,3,8,5,7
1795,D,3,5,5,4,3,9,6,4,7,10,4,6,2,8,3,9
1796,D,4,11,5,8,5,5,7,10,7,6,5,6,3,8,3,8
1797,Q,4,7,5,7,4,8,7,7,5,6,4,9,2,8,3,8
1798,J,6,7,8,9,7,8,8,4,6,7,6,7,4,8,8,8
1799,V,3,8,5,6,3,6,11,2,3,7,11,9,2,10,1,8
1800,J,2,7,3,5,1,9,6,3,7,12,4,9,0,7,2,6
1801,C,2,4,3,3,2,6,8,7,7,8,7,13,1,9,4,10
1802,O,7,11,7,8,5,8,7,8,5,10,6,8,3,8,3,8
1803,J,7,10,5,8,4,8,10,3,3,13,4,5,2,9,7,9
1804,F,5,6,6,7,6,7,9,6,6,7,6,9,5,8,8,6
1805,T,6,10,6,7,5,5,11,3,7,11,10,5,2,12,2,4
1806,X,3,6,4,4,3,8,7,3,8,6,6,8,2,8,6,8
1807,G,6,10,7,8,4,6,7,7,8,10,7,10,2,10,5,9
1808,S,3,9,4,6,3,8,7,8,7,7,7,9,2,10,9,8
1809,O,2,4,2,3,2,8,7,6,3,9,6,8,2,8,2,8
1810,E,5,8,7,6,4,7,7,3,8,12,7,9,3,8,5,8
1811,R,4,4,4,5,2,5,10,8,4,7,4,8,3,7,6,11
1812,Y,4,7,6,5,3,9,10,1,7,3,11,8,1,11,2,9
1813,B,3,6,5,4,4,7,8,5,5,9,6,6,3,8,7,8
1814,T,3,11,4,8,1,5,14,1,6,9,11,7,0,8,0,8
1815,F,4,8,5,6,4,4,11,6,5,11,10,5,2,9,2,5
1816,Q,6,9,7,11,8,7,9,5,3,8,10,10,5,8,8,10
1817,R,5,7,8,6,8,9,7,4,4,8,5,7,8,10,7,5
1818,E,3,9,4,6,2,3,7,6,11,7,6,15,0,8,7,7
1819,V,3,5,5,4,2,4,12,3,3,9,11,8,2,11,0,8
1820,O,4,8,5,6,2,8,6,8,7,7,5,8,3,8,4,8
1821,W,12,14,12,8,5,2,9,3,2,10,12,8,9,10,1,6
1822,K,4,2,5,3,3,6,7,4,8,7,6,10,6,8,5,9
1823,A,3,9,6,6,3,11,3,2,2,9,2,9,3,5,3,8
1824,U,5,7,6,5,3,4,8,6,8,10,10,9,3,9,2,5
1825,X,4,10,6,7,6,7,7,2,6,7,6,7,4,7,6,7
1826,W,6,9,9,7,7,4,10,2,3,8,9,9,10,9,1,8
1827,M,7,10,10,8,9,11,6,2,5,9,4,6,10,7,2,8
1828,L,3,8,4,6,1,0,0,6,6,0,1,5,0,8,0,8
1829,Q,4,9,6,8,3,9,8,8,6,5,8,9,3,8,5,9
1830,H,6,9,6,4,3,9,6,4,4,9,7,8,6,12,4,9
1831,N,1,0,1,0,0,7,7,9,0,6,6,8,3,8,0,8
1832,N,4,8,6,6,3,5,9,3,4,10,9,9,5,8,1,7
1833,Q,2,2,3,3,2,8,8,6,1,5,6,9,2,9,4,10
1834,E,5,8,7,6,6,6,8,3,7,11,9,9,3,8,5,6
1835,K,2,6,3,4,2,3,7,6,2,7,6,10,3,8,2,11
1836,G,3,6,4,4,4,7,8,5,3,6,6,10,3,8,6,8
1837,I,2,8,3,6,1,7,7,0,8,14,6,9,0,8,1,8
1838,C,4,9,6,7,4,5,8,6,6,8,8,15,3,10,4,9
1839,E,2,4,2,3,2,7,7,5,6,7,6,8,2,8,5,11
1840,G,2,1,3,2,1,6,7,5,5,6,6,9,2,9,4,8
1841,B,3,5,5,4,4,9,6,3,6,10,5,7,2,8,5,10
1842,T,4,10,6,8,4,6,12,3,7,7,12,8,2,12,1,7
1843,P,2,3,4,2,2,8,8,3,3,12,4,5,1,9,2,8
1844,J,4,9,6,7,3,6,7,3,5,15,6,10,1,6,1,7
1845,M,2,3,3,1,2,6,6,6,4,7,7,10,6,5,1,9
1846,U,4,3,4,2,2,5,8,5,7,10,9,9,3,9,2,6
1847,L,7,10,9,8,7,6,7,7,7,6,6,8,6,8,5,10
1848,N,5,7,7,5,3,5,9,3,5,10,9,9,6,7,1,7
1849,W,5,10,8,8,13,9,7,5,2,7,7,8,10,10,3,5
1850,I,7,12,5,6,2,10,5,6,4,13,3,9,3,8,4,9
1851,V,10,15,10,8,5,6,8,4,4,8,8,5,6,12,4,6
1852,Z,6,9,8,7,4,9,6,3,10,11,4,9,1,7,6,8
1853,M,5,5,6,8,4,8,7,12,2,6,9,8,9,6,0,8
1854,E,5,5,5,7,3,3,8,6,12,7,5,15,0,8,7,7
1855,A,2,2,4,3,2,8,2,2,2,8,2,8,2,6,3,7
1856,M,4,7,8,5,8,10,6,3,3,9,4,7,10,5,3,6
1857,D,1,0,2,0,0,6,7,7,6,7,6,6,2,8,3,8
1858,Z,5,5,6,8,3,7,7,4,15,9,6,8,0,8,8,8
1859,N,8,11,11,8,6,12,7,3,6,10,0,3,7,11,2,8
1860,J,2,5,5,3,1,8,6,3,7,15,6,10,1,6,1,7
1861,Y,6,11,9,8,8,8,4,6,5,8,7,8,6,8,8,3
1862,X,4,9,6,7,4,8,7,4,9,6,6,6,3,8,7,7
1863,B,2,3,4,2,2,8,7,3,5,10,5,6,2,8,4,9
1864,A,3,11,5,8,4,12,3,3,3,10,1,9,2,6,3,8
1865,T,5,7,6,5,6,6,8,4,6,7,6,10,5,8,5,7
1866,H,3,2,4,4,3,7,7,5,6,7,6,8,6,8,4,8
1867,H,4,9,5,6,2,7,6,15,1,7,8,8,3,8,0,8
1868,H,3,7,3,4,2,7,6,14,1,7,7,8,3,8,0,8
1869,Y,4,5,5,7,5,10,11,5,4,5,8,8,5,10,9,5
1870,V,4,6,4,4,2,3,11,4,3,10,12,7,2,10,1,8
1871,K,5,11,6,8,2,4,6,9,2,7,7,12,4,8,3,11
1872,X,3,7,5,5,2,9,7,1,8,10,4,7,3,8,3,8
1873,Q,5,8,6,7,3,9,8,8,6,5,8,9,3,7,5,9
1874,S,5,8,6,6,4,8,8,4,8,10,4,6,2,7,5,8
1875,C,4,9,5,6,3,4,8,5,6,12,10,12,2,9,2,7
1876,B,1,0,2,1,1,7,7,7,5,6,6,7,1,8,7,9
1877,B,5,11,7,8,7,8,7,7,7,6,6,5,2,8,8,10
1878,H,5,9,7,6,4,7,6,3,7,10,8,9,3,8,3,7
1879,X,3,5,5,4,3,7,7,3,9,6,6,8,3,8,6,8
1880,H,3,7,4,4,2,7,7,14,1,7,6,8,3,8,0,8
1881,Z,3,8,5,6,3,8,7,2,9,11,5,9,1,8,6,8
1882,S,7,11,7,6,3,7,6,3,4,13,8,8,3,8,4,7
1883,M,5,2,6,4,4,9,6,7,4,6,7,5,10,5,3,5
1884,V,1,0,1,0,0,8,10,3,1,7,12,8,2,11,0,8
1885,W,4,7,6,5,3,9,8,5,1,7,8,8,8,9,0,8
1886,F,4,8,6,6,4,7,9,2,6,13,6,5,2,10,2,8
1887,O,5,9,5,7,4,7,7,8,5,9,7,10,3,8,4,6
1888,T,4,9,5,7,3,6,11,2,8,8,12,8,1,11,1,7
1889,O,4,10,5,8,3,9,7,9,7,7,6,10,3,8,4,8
1890,B,5,7,7,5,5,8,6,6,7,9,7,6,3,8,8,7
1891,T,4,8,5,6,4,6,7,7,6,8,10,8,3,9,5,9
1892,X,3,7,4,5,2,7,7,4,4,7,6,7,2,8,4,8
1893,C,9,12,7,7,5,7,9,4,5,9,8,9,4,9,8,11
1894,N,6,5,6,8,3,7,7,15,2,4,6,8,6,8,0,8
1895,X,6,10,9,8,5,7,8,1,8,10,6,8,3,8,4,8
1896,Q,5,7,6,5,5,8,6,7,4,4,8,10,6,6,7,10
1897,V,2,1,4,1,1,7,12,3,2,6,11,9,2,11,0,7
1898,D,2,3,4,2,2,9,6,4,6,10,4,6,2,8,3,8
1899,K,5,9,8,7,4,4,9,2,7,10,10,11,3,8,3,6
1900,A,3,11,6,8,2,8,6,3,1,7,0,8,3,7,2,8
1901,V,3,6,4,4,2,2,11,4,3,11,12,8,2,10,1,8
1902,H,4,8,5,6,5,8,7,5,6,7,6,8,6,8,3,7
1903,D,1,0,1,0,0,6,7,7,5,7,6,6,2,8,2,8
1904,G,3,8,4,6,2,7,6,8,7,6,5,11,1,8,5,11
1905,J,2,5,3,8,1,12,3,10,4,13,5,13,1,6,0,8
1906,C,2,5,3,4,2,6,8,7,7,8,8,13,1,9,4,10
1907,G,5,10,6,8,3,7,6,8,8,6,6,8,2,8,6,11
1908,K,5,5,5,8,2,3,6,8,3,7,7,11,4,8,3,11
1909,V,3,9,5,6,1,7,8,4,2,7,14,8,3,9,0,8
1910,C,3,4,4,3,2,4,8,4,6,11,10,12,1,9,2,7
1911,M,5,10,6,8,4,8,7,12,2,6,9,8,8,6,0,8
1912,F,5,8,7,6,7,7,8,1,4,10,6,6,5,10,3,5
1913,Y,2,3,3,4,0,8,11,1,3,5,11,8,0,10,0,8
1914,C,3,5,4,3,2,4,8,5,8,11,9,13,1,9,3,7
1915,Q,6,8,9,12,14,8,5,6,1,6,6,9,10,10,8,14
1916,H,9,15,8,8,5,6,7,5,4,8,10,9,7,11,5,9
1917,U,9,11,8,6,4,9,6,6,7,3,9,7,5,9,3,5
1918,D,5,10,6,8,6,7,7,7,7,7,6,5,3,8,3,7
1919,H,5,10,7,8,10,8,9,5,3,6,7,7,7,9,9,8
1920,O,6,10,8,8,10,8,9,6,1,7,7,8,9,8,5,9
1921,W,3,7,5,5,7,9,5,5,2,7,6,8,5,10,2,5
1922,S,4,7,6,5,6,8,9,4,4,9,5,7,4,9,10,9
1923,U,2,3,3,2,1,5,8,4,7,10,8,8,3,9,2,6
1924,Y,6,11,6,8,3,4,10,2,7,10,11,6,1,11,3,4
1925,N,3,8,4,6,2,7,7,14,2,5,6,8,6,8,0,8
1926,N,7,12,6,6,3,5,9,4,5,4,4,11,5,9,2,7
1927,M,4,2,5,4,4,8,6,6,4,7,7,8,7,5,2,7
1928,E,2,7,4,5,4,7,8,3,5,5,7,10,3,11,7,8
1929,I,1,3,2,2,1,7,8,1,7,13,6,8,0,8,1,7
1930,Z,2,3,2,2,2,7,7,5,9,6,6,8,1,8,6,8
1931,B,2,4,2,3,2,7,7,5,5,6,6,6,2,8,5,9
1932,B,7,11,9,8,7,9,6,4,7,10,5,6,3,8,6,10
1933,G,6,10,8,8,8,6,6,6,3,6,6,10,5,8,8,7
1934,P,4,9,5,6,2,3,14,7,1,11,6,3,0,10,4,8
1935,P,3,4,5,6,7,8,5,5,2,7,6,7,6,9,6,9
1936,U,3,5,5,3,2,7,9,6,7,7,10,9,3,9,1,8
1937,K,8,10,11,8,5,4,8,4,9,12,12,11,3,8,4,5
1938,V,6,10,5,5,2,8,10,6,3,7,9,5,6,13,3,7
1939,C,9,14,7,8,5,7,6,4,4,9,8,11,4,9,9,11
1940,W,3,8,5,6,5,6,11,2,2,7,8,8,6,11,1,8
1941,V,4,7,6,5,4,8,11,2,2,6,10,8,4,10,4,9
1942,C,5,5,6,8,2,6,7,7,10,8,6,15,1,9,4,9
1943,E,2,3,3,2,1,7,7,2,7,11,7,9,1,8,3,8
1944,O,4,9,5,7,2,7,7,9,8,7,5,8,3,8,4,8
1945,O,1,1,2,1,1,7,7,6,4,7,6,8,2,8,2,8
1946,E,4,7,6,5,4,6,8,3,7,11,8,8,3,8,4,6
1947,C,2,1,2,1,1,6,7,6,9,7,6,13,0,8,4,9
1948,O,3,5,4,4,2,8,6,7,4,9,5,8,2,8,3,8
1949,A,3,8,6,6,4,8,5,2,4,6,2,6,2,6,2,6
1950,N,4,10,4,7,3,7,7,14,2,4,6,8,6,8,0,8
1951,Z,3,9,4,7,3,7,8,3,11,8,6,8,0,8,7,7
1952,A,6,9,6,5,3,13,0,5,1,12,3,11,2,3,2,10
1953,S,4,5,5,5,6,7,7,5,4,7,7,7,5,8,10,10
1954,I,3,10,6,8,7,10,6,2,5,8,4,5,3,8,5,7
1955,F,6,10,8,7,6,6,10,2,6,13,7,6,2,10,2,7
1956,L,3,7,4,5,2,4,5,1,9,7,2,11,0,8,2,7
1957,V,7,8,9,7,10,8,7,4,5,7,6,8,8,10,9,4
1958,G,5,11,6,8,8,8,4,4,3,7,5,11,6,8,6,13
1959,G,5,9,4,5,2,7,4,4,2,7,4,5,4,7,5,8
1960,L,5,10,7,8,4,7,3,2,9,7,1,9,1,6,3,7
1961,P,3,6,4,4,2,5,12,7,3,12,6,3,1,10,4,7
1962,A,3,8,5,6,3,11,2,3,3,10,2,9,2,6,3,8
1963,P,3,7,5,10,8,7,12,4,1,9,8,5,4,11,4,8
1964,C,5,8,6,6,2,6,7,7,10,6,6,15,1,8,4,9
1965,M,4,2,5,4,4,8,6,6,4,7,7,8,7,5,2,8
1966,U,2,1,2,2,1,7,9,5,5,6,9,9,3,9,1,8
1967,Y,5,6,5,4,3,5,9,1,7,9,10,6,1,11,3,5
1968,D,7,10,9,8,7,7,7,5,6,7,6,7,7,8,3,8
1969,Y,9,9,7,13,5,7,8,4,3,6,11,5,5,10,6,6
1970,Y,4,5,5,4,2,4,11,2,7,11,10,6,1,11,2,5
1971,T,4,9,4,4,2,5,10,2,6,11,8,6,2,9,4,3
1972,W,4,9,5,6,6,7,6,6,2,7,7,8,6,8,4,8
1973,B,5,11,8,8,11,9,7,4,4,6,7,7,8,8,8,7
1974,E,3,5,6,4,3,6,8,2,9,11,8,8,2,8,4,6
1975,X,3,9,5,7,4,8,7,3,8,5,6,8,3,8,6,8
1976,S,2,7,3,5,3,8,7,7,5,7,7,8,2,9,8,8
1977,U,5,5,6,4,3,4,8,5,8,10,8,9,3,9,2,6
1978,T,4,6,5,4,4,7,7,7,7,7,6,8,3,10,6,8
1979,U,3,4,4,3,2,5,8,5,7,9,8,8,3,9,2,5
1980,V,3,8,5,6,2,5,11,3,4,9,12,9,3,10,1,9
1981,J,4,6,5,4,2,9,7,0,7,13,5,7,0,8,0,8
1982,B,5,10,5,5,5,7,8,3,5,9,6,7,6,5,7,8
1983,H,1,0,1,0,0,7,8,10,1,7,6,8,2,8,0,8
1984,D,6,11,8,8,7,7,7,6,6,7,7,7,7,7,3,7
1985,S,3,3,4,4,2,7,7,5,8,5,6,8,0,8,8,8
1986,L,1,4,2,3,1,7,4,1,7,7,2,10,0,7,2,8
1987,Q,6,8,7,10,6,8,6,7,4,8,7,11,4,9,7,7
1988,H,3,3,5,2,2,9,6,3,6,10,4,8,3,8,3,9
1989,M,4,3,5,5,3,7,7,12,1,7,9,8,8,6,0,8
1990,C,1,0,1,1,0,7,7,5,7,7,6,14,0,8,4,10
1991,R,3,2,4,4,3,7,8,5,5,6,5,6,3,7,4,8
1992,G,1,0,2,1,0,8,6,6,4,6,5,9,1,8,5,10
1993,A,2,6,5,4,3,6,5,1,3,5,2,7,2,6,3,4
1994,O,4,7,4,5,3,9,6,7,5,10,4,10,3,8,3,8
1995,I,1,6,3,4,3,9,6,3,4,7,6,5,3,8,5,5
1996,V,4,8,4,6,2,3,11,4,4,11,12,8,2,10,1,8
1997,V,1,0,2,1,0,7,9,3,2,7,12,8,2,10,0,8
1998,A,5,12,5,6,3,14,0,4,2,12,3,11,2,4,2,10
1999,K,3,2,4,4,3,5,7,3,7,6,6,10,6,8,4,9
